abs_cos_theta,cell_anisotropy,cell_max_m,cell_min_m,curl_rms,field_rms,global_rel_l2,k_dot_e0_abs_max,k_dot_e0_rel_max,k_dot_e0_rel_mean,k_max,k_mean,kd_axis_max,kd_axis_mean,khat_z_abs,macro_mre_eq5,macro_nmae,max_abs_amp,max_abs_exey_amp,max_abs_ez_amp,max_abs_ez_over_xy,mean_abs_ez_amp,phi,sample_index,theta,theta_rejection_margin,x_active_fraction_0p01,x_active_fraction_0p1,x_curl_max,x_mre_eq5,x_nmae,x_norm_rms,x_raw_mean_abs,x_raw_rms,x_rel_l2,x_scale,y_active_fraction_0p01,y_active_fraction_0p1,y_curl_max,y_mre_eq5,y_nmae,y_norm_rms,y_raw_mean_abs,y_raw_rms,y_rel_l2,y_scale,z_active_fraction_0p01,z_active_fraction_0p1,z_curl_max,z_mre_eq5,z_nmae,z_norm_rms,z_raw_mean_abs,z_raw_rms,z_rel_l2,z_scale,z_scale_over_xy_mean
0.9652638371954342,1.2644867383437197,0.0007669960835294985,0.0006065671234592334,8837.0546875,15.613985061645508,0.5763908624649048,1.6361692654832027e-16,5.887988965657704e-17,1.6556730254966366e-17,1031.7708469838071,561.9246718463526,0.7638752430914779,0.4160229440098419,0.9652638371954342,1.6121935844421387,0.14776896685361862,4.981532786779591,4.981532786779591,1.7568992723808328,0.35268246693938043,0.925096329464111,-2.68474101691986,800,0.2643450276329999,0.8152638371954342,0.97869873046875,0.799041748046875,20007.908203125,1.0064932107925415,0.04098065197467804,0.4502662107002596,7012.623442303875,9008.885012315899,0.12616275250911713,20007.908203125,0.970245361328125,0.783721923828125,27083.212890625,0.8870033025741577,0.033782266080379486,0.4557200533760324,9501.22456132256,12342.363223215882,0.09363410621881485,27083.212890625,0.9835205078125,0.826263427734375,1725.6558837890625,2.943084239959717,0.36854398250579834,0.5139818059008388,709.7992411346627,886.9557274153055,0.9106366038322449,1725.6558837890625,0.0732900743795668
0.9786296604090798,1.9376040579485982,0.0006809280614699124,0.00035142786715198777,7682.12890625,8.562435150146484,0.14285315573215485,1.5254519230954794e-16,3.5469970980946865e-17,8.879463553828447e-18,1025.3454901798777,587.3012424234266,0.35263449784635065,0.2019833126395188,0.9786296604090798,0.8284762303034464,0.0393473245203495,4.8489570129367285,4.8489570129367285,0.8853113170487418,0.18257767901154492,0.44402223703133104,0.07464517540280591,801,0.20710814368936964,0.8286296604090798,0.979888916015625,0.78741455078125,28938.197265625,0.5677745342254639,0.024834848940372467,0.3811226127320201,8532.451971143295,11029.001346341975,0.08671664446592331,28938.197265625,0.9676513671875,0.713592529296875,19385.50390625,1.0252041816711426,0.055641479790210724,0.36679886481652185,5291.015036375664,7110.580827940345,0.19693511724472046,19385.50390625,0.980224609375,0.7916259765625,5760.111328125,0.8924499750137329,0.03756564483046532,0.38217707375476834,1706.9092920821192,2201.3824930484902,0.12765561044216156,5760.111328125,0.23839694346415075
0.8116813961942293,1.24975724946392,0.0004975960349946918,0.0003981541497023797,5423.5712890625,9.492915153503418,0.18290217220783234,2.8424889132587573e-16,5.847519911286082e-17,1.695029210559081e-17,1037.9844238146393,562.5938278191081,0.33544990632087807,0.1818158755649358,0.8116813961942293,2.1902827819188437,0.04929544652501742,4.354297353403366,4.354297353403366,2.602261022126754,0.5976305270224136,0.9131547166921015,1.9212046381501162,802,0.6237713342277289,0.6616813961942293,0.980194091796875,0.7972412109375,15163.2568359375,0.5828893184661865,0.06164822727441788,0.37813059546163885,4294.208507216672,5733.691337569896,0.21600426733493805,15163.2568359375,0.88311767578125,0.608001708984375,15604.900390625,4.574581146240234,0.04550729691982269,0.35029391631345913,3486.736646921232,5466.301669196486,0.16297274827957153,15604.900390625,0.959014892578125,0.622314453125,14292.8544921875,1.4133778810501099,0.04073081538081169,0.35323474425163326,3311.918510284376,5048.732801517914,0.15843117237091064,14292.8544921875,0.9290679573002387
0.5331730745920654,1.2832524154636933,0.0007322088887770733,0.0005705883581076256,18784.37890625,26.09041976928711,0.21153493225574493,3.822018225486563e-16,6.212243059819546e-17,2.0145461429397162e-17,1036.6204785971352,558.6949758478412,0.4760432903242342,0.25656737454208334,0.5331730745920654,1.1972400744756062,0.0802608293791612,7.899752185553891,4.871949884231766,7.899752185553891,1.6214764874987142,4.4016573592168005,0.31327997457629886,803,2.133143130278549,0.3831730745920654,0.990814208984375,0.908050537109375,25017.9453125,1.0019818544387817,0.0594339445233345,0.5440625765550664,11855.257538735468,13611.327789325955,0.14602355659008026,25017.9453125,0.991363525390625,0.91357421875,50945.86328125,0.7010318040847778,0.0437246672809124,0.5652457918450849,25349.281187629294,28796.93483656022,0.10726788640022278,50945.86328125,0.98895263671875,0.891754150390625,12865.88671875,1.8887065649032593,0.1376238763332367,0.515726477698587,5590.851333243909,6635.27843971657,0.33278587460517883,12865.88671875,0.33873727389199265
0.9993650697506453,2.4389768626962707,0.0007754667172433503,0.0003179475496893716,6173.599609375,11.29223918914795,0.9746663570404053,3.865701855958206e-17,7.61740003536655e-18,2.1764825623616517e-18,1002.4392226553506,483.44077542950447,0.7768646849589602,0.37465420068612165,0.9993650697506453,1.265523095925649,0.212314339975516,4.830527749621338,4.830527749621338,0.21627217770184853,0.044771956380708494,0.10884762860012591,-2.2280224458700975,804,0.035636987811452414,0.8493650697506453,0.978973388671875,0.814300537109375,19072.158203125,1.4144282341003418,0.04626500606536865,0.3776376734672483,5774.939493630338,7202.365450714561,0.14747768640518188,19072.158203125,0.996124267578125,0.839447021484375,21474.462890625,0.29639190435409546,0.045285023748874664,0.36802135874347125,6309.988610013737,7903.061011180245,0.15204650163650513,21474.462890625,0.990386962890625,0.818695068359375,190.9167938232422,2.0857491493225098,0.5453929901123047,0.45516024183456477,70.65519390307304,86.89773404133608,1.4815118312835693,190.9167938232422,0.00941714937882559
0.24468434627072144,2.046767674479364,0.0007156386373963142,0.0003496433162979043,12611.025390625,19.248315811157227,0.471486896276474,3.711301297275925e-16,4.725092336537744e-17,1.8104623643811902e-17,1023.6741851617958,565.967660188871,0.5500391775560305,0.3041049494516604,0.24468434627072144,1.967346429824829,0.1864902228116989,9.81299909760821,4.996406468577112,9.81299909760821,1.9640113668339678,5.252313342273348,2.456503062322402,805,1.8179904564226936,0.09468434627072145,0.986236572265625,0.8590087890625,9175.3466796875,1.9654567241668701,0.28554826974868774,0.49505602258424897,3722.420516621054,4542.310632325249,0.6758044362068176,9175.3466796875,0.98858642578125,0.88427734375,17216.751953125,2.828335762023926,0.18560872972011566,0.5578373924887955,8113.692697064083,9604.14801910073,0.39929741621017456,17216.751953125,0.98358154296875,0.714385986328125,39963.01953125,1.1082468032836914,0.08831366896629333,0.4775694055405426,14520.451158731448,19085.115485420953,0.23701372742652893,39963.01953125,3.0284078645845303
0.7305505819136544,1.4220733153099285,0.0007152627194176774,0.0005029717608207788,5050.6650390625,13.825791358947754,0.14081253111362457,1.8948920006485205e-16,3.6748707383699794e-17,1.3842612282823044e-17,840.3695067127218,393.5029885051875,0.3243519169790781,0.15187777238362465,0.7305505819136544,0.8648217419783274,0.041192460184295975,4.882664786804885,4.882664786804885,4.110422637922713,0.8418400233067174,1.927288639627466,-1.327181451529371,806,2.3899242198619146,0.5805505819136544,0.990447998046875,0.814605712890625,16673.3203125,0.2831832468509674,0.026636825874447823,0.3986050220868946,5181.003535405895,6646.069210013156,0.08967643976211548,16673.3203125,0.97296142578125,0.672760009765625,9014.76953125,1.517455816268921,0.06316204369068146,0.3775760137785173,2480.9865298301247,3403.7607451676395,0.19930067658424377,9014.76953125,0.9683837890625,0.713958740234375,11933.4521484375,0.793826162815094,0.033778510987758636,0.381919046358025,3335.6540362220458,4557.612664088048,0.11499613523483276,11933.4521484375,0.9291038937518314
0.8069382635492072,1.8210553511980423,0.0007974743615020801,0.00043791879306547975,5195.63916015625,14.783696174621582,0.20588049292564392,1.630684388805598e-16,3.6787559930379424e-17,9.530042670567874e-18,981.7848155629296,406.7191743404462,0.6317908762270612,0.2617289037899435,0.8069382635492072,0.9713038404782613,0.07054329911867778,4.8128000003536,4.8128000003536,2.382552512513419,0.49504498677243414,1.0419888076065227,-1.0243248351176364,807,0.6318465204456564,0.6569382635492071,0.9974365234375,0.90142822265625,8483.5634765625,0.6221895813941956,0.07596749067306519,0.4632300234811518,3269.090888027241,3929.8413088902557,0.1986413151025772,8483.5634765625,0.978546142578125,0.712677001953125,15526.982421875,1.0689291954040527,0.07110677659511566,0.3989311253857139,4414.286080286454,6194.19657136654,0.21920019388198853,15526.982421875,0.975006103515625,0.6365966796875,12927.580078125,1.2227927446365356,0.06455563008785248,0.40322345504054286,3681.1682576198746,5212.703503815959,0.20176617801189423,12927.580078125,1.0768251694740743
0.9788762629128607,1.837225238744832,0.0006767506493631138,0.00036835475318500464,7748.8505859375,13.125821113586426,0.35349929332733154,7.365315797494297e-17,1.3355648073438109e-17,4.743377496712889e-18,1022.6591195244841,546.535695421992,0.6774657969182106,0.36205538421783334,0.9788762629128607,2.343874752521515,0.08664253602425258,4.990881753389238,4.990881753389238,1.043882905963928,0.20915801205970103,0.64664178632317,1.5674572080205813,808,0.20590545200724492,0.8288762629128607,0.98236083984375,0.6776123046875,29710.689453125,0.8327808976173401,0.08154971897602081,0.3408877104177903,7294.153963022665,10128.00890252683,0.31362271308898926,29710.689453125,0.970916748046875,0.62152099609375,24401.3125,1.6730087995529175,0.049466900527477264,0.35334050208252277,6198.752761403561,8621.97201161863,0.20776818692684174,24401.3125,0.9713134765625,0.621307373046875,5075.85400390625,4.525834560394287,0.12891098856925964,0.3534745295412436,1290.1400285474167,1794.1851057048,0.4810774326324463,5075.85400390625,0.1876054782930875
0.3971270836451632,1.269657410049994,0.00045857812192478793,0.0003611825664899093,23485.109375,39.2791633605957,0.17095467448234558,5.135588093652177e-16,6.811364643844934e-17,1.802823562544763e-17,942.2363004952314,485.55611052994726,0.30257218597248803,0.15592243017821267,0.3971270836451632,0.7616292039553324,0.07655378555258115,12.791618862551966,4.914444950475165,12.791618862551966,2.6028613590055936,6.148147905282538,-1.8214534900434665,809,1.1624119533429949,0.2471270836451632,0.9901123046875,0.89886474609375,63224.359375,0.3633561134338379,0.05671517178416252,0.583563817940045,31299.858991588757,36895.44853445339,0.12455756217241287,63224.359375,0.989898681640625,0.898406982421875,23957.734375,1.0685272216796875,0.08026959002017975,0.5796089656579682,11756.328206984082,13886.117639736443,0.1799711436033249,23957.734375,0.990081787109375,0.89990234375,17447.474609375,0.8530042767524719,0.09267659485340118,0.5747300887953533,8499.011792389116,10027.58863132887,0.20035728812217712,17447.474609375,0.40025362683779314
0.385021854885049,1.6693094633504049,0.0007917089689916945,0.00047427333659433453,9523.7119140625,17.9468994140625,0.3768051564693451,5.412565850249358e-16,5.125364773301681e-17,1.8539389213434613e-17,978.4333926535218,463.3692827252545,0.45891566426555513,0.21733459199037752,0.385021854885049,0.9481757879257202,0.14694890131553015,9.499082527611826,4.99350483542531,9.499082527611826,1.9022876397801192,2.9801993075471254,2.6529221376485195,810,1.9660278297046474,0.23502185488504898,0.99163818359375,0.915435791015625,4680.486328125,1.171417236328125,0.2733301520347595,0.5388474346476517,2264.0167807760017,2522.068050927522,0.5843455791473389,4680.486328125,0.98388671875,0.819091796875,16432.68359375,0.9644966125488281,0.10606583952903748,0.5271865184904896,7057.273959928598,8663.08925056469,0.2447739541530609,16432.68359375,0.989715576171875,0.89605712890625,25600.68359375,0.7086135149002075,0.061450712382793427,0.5394065337273111,11727.81927126621,13809.175995341677,0.14597690105438232,25600.68359375,2.4250914181508634
0.8031261798287677,1.5226423616470897,0.0005902414007524739,0.0003876428343383218,4535.26171875,8.508037567138672,0.20332269370555878,2.7030157041435687e-16,5.4354044228151124e-17,2.0327567784851078e-17,1041.6542380666024,496.09707150872873,0.3357701569766895,0.15991351591420416,0.8031261798287677,1.1148743033409119,0.03711304999887943,4.946273955266237,4.946273955266237,4.184348834261472,0.8459597814646815,2.3658733129680196,-1.9820907097711504,811,2.5033200934396125,0.6531261798287676,0.951416015625,0.4010009765625,28040.884765625,1.1228787899017334,0.022956473752856255,0.17433220070609312,3206.0301064176865,4888.429149017777,0.17588955163955688,28040.884765625,0.963165283203125,0.54339599609375,23856.994140625,0.8497006297111511,0.027002915740013123,0.23144173177409652,3990.3494071008136,5521.504038673173,0.15216101706027985,23856.994140625,0.978240966796875,0.7716064453125,7939.0048828125,1.372043490409851,0.06137976050376892,0.34083974050828364,2130.625462529733,2705.928365659829,0.22901420295238495,7939.0048828125,0.3059471812770527
0.9988642554605771,1.9446481080363052,0.0007172365312728642,0.00036882587050524306,7803.7265625,12.351798057556152,0.6046819686889648,4.141656376053203e-17,1.1711057886785078e-17,2.730992194320628e-18,987.519687959805,521.2150032870055,0.6218481880561176,0.3282128035860288,0.9988642554605771,1.4562930862108867,0.1609493928651015,4.811114591073623,4.811114591073623,0.29621462493213063,0.06156881515183968,0.16675596608982285,-2.3226243946513243,812,3.0939280002185248,0.8488642554605771,0.97955322265625,0.781707763671875,24146.62890625,0.6534400582313538,0.041766710579395294,0.41657663304309456,8025.30522808253,10058.921371787514,0.13062411546707153,24146.62890625,0.988128662109375,0.87017822265625,20462.6640625,0.5240682363510132,0.029715124517679214,0.4411250391540065,7493.866697004032,9026.593486435802,0.08724766224622726,20462.6640625,0.988006591796875,0.879974365234375,339.43658447265625,3.191370964050293,0.41136634349823,0.5363277486743759,151.64728443484913,182.04925917550787,0.9045101404190063,339.43658447265625,0.0152182005982673
0.39220954384841017,1.313659710868146,0.0007836261779465012,0.0005965214366120992,9446.30078125,19.598594665527344,0.6158661842346191,2.226767854050133e-16,2.3927558899477093e-17,9.928310649834883e-18,977.0565955066526,441.4562136963468,0.527472265427755,0.2383238700771717,0.39220954384841017,1.2347485820452373,0.18723546713590622,9.8497983056959,4.772508410836734,9.8497983056959,2.0638619061058914,4.174946902995925,1.7508152275625628,813,1.1677639584305846,0.24220954384841017,0.98028564453125,0.8450927734375,33886.8359375,0.9390762448310852,0.05103352665901184,0.40671499094922414,11077.394190706898,13782.284169550456,0.1662260740995407,33886.8359375,0.99285888671875,0.9266357421875,2262.9326171875,1.8220648765563965,0.4609137773513794,0.6275707157277761,1271.2423889416752,1420.150241692364,0.8474703431129456,2262.9326171875,0.988677978515625,0.88458251953125,19024.447265625,0.94310462474823,0.04975909739732742,0.45742596085847514,7390.672199287896,8702.276069909063,0.13917750120162964,19024.447265625,1.0525349415083942
0.5101945862999671,1.405934090174664,0.0007251854968152735,0.000515803338067705,23048.34765625,32.67966842651367,0.23503842949867249,4.844006340336221e-16,8.987666039249119e-17,2.4451931016759384e-17,1013.5691576624376,583.1680199667397,0.4336343143828164,0.24949621108388365,0.5101945862999671,0.6909797191619873,0.10645719120899837,9.426369949940984,4.947840470225652,9.426369949940984,1.905148318072406,5.402146284541285,-1.8384220829659275,814,1.0353853040801504,0.36019458629996703,0.98956298828125,0.897003173828125,63596.703125,0.5046162605285645,0.0923902615904808,0.5565888112506213,30179.382893176502,35397.213391959594,0.19584350287914276,63596.703125,0.990478515625,0.90576171875,27665.646484375,0.532017707824707,0.08130072057247162,0.5663770131688465,13516.715531078575,15669.186221180767,0.17533239722251892,27665.646484375,0.99169921875,0.915557861328125,16634.498046875,1.0363051891326904,0.14568059146404266,0.5865325354423799,8556.615781453544,9756.674314748725,0.3054467737674713,16634.498046875,0.36454240150674816
0.963932379672371,1.3133598703446252,0.0006661565476469092,0.0005072155489813389,8364.220703125,15.537336349487305,0.16173824667930603,7.531856676381287e-17,1.748291471693743e-17,6.078953967046478e-18,1042.0259887630893,523.5216025112146,0.6452980957093201,0.32420256001886094,0.963932379672371,2.1008554697036743,0.05406038463115692,4.973338808210832,4.973338808210832,1.1001564952079335,0.2212108480105173,0.3699654947356515,-1.1535246091685436,815,0.2693939209782739,0.813932379672371,0.980865478515625,0.784881591796875,17503.14453125,1.2394908666610718,0.0681569054722786,0.4512638478257519,6120.715290595248,7898.5363507811,0.17925629019737244,17503.14453125,0.967742919921875,0.647674560546875,27159.197265625,1.329458236694336,0.02970399707555771,0.4259590166845413,7851.658803661439,11568.704962797097,0.09029772877693176,27159.197265625,0.956268310546875,0.674285888671875,8777.6279296875,3.7336173057556152,0.06432025134563446,0.42104468935509887,2496.8004812788076,3695.7736249957798,0.1942313313484192,8777.6279296875,0.3930661750612309
0.984003949218836,1.2003448156350218,0.0005229157290746154,0.0004356379285880248,5797.5517578125,11.920066833496094,0.25401031970977783,6.311062245988524e-17,1.690052568765531e-17,6.468931069552282e-18,994.4907083141466,461.99667067767575,0.45428849360419543,0.21104246607602956,0.984003949218836,0.8409897287686666,0.08144290248552959,4.487041556727122,4.487041556727122,0.8456332512464292,0.18846120334647395,0.47972016961839586,1.476083152922869,816,0.17910264787693006,0.834003949218836,0.98236083984375,0.82073974609375,16678.470703125,0.6861266493797302,0.04981313645839691,0.46217364863706256,5775.94213817843,7708.349657603641,0.1612687110900879,16678.470703125,0.989501953125,0.850921630859375,15591.2001953125,0.4420320987701416,0.06374135613441467,0.40745799742405936,4850.631232524445,6352.759209355047,0.1947992593050003,15591.2001953125,0.9906005859375,0.815673828125,2543.412109375,1.394810438156128,0.13077421486377716,0.40453057241464624,787.4324902916846,1028.8879564114263,0.3765013813972473,2543.412109375,0.15763483410660703
0.7551277379911937,1.7251207094826608,0.0007513817398293668,0.0004355531388030786,7753.22607421875,9.722658157348633,0.40053796768188477,6.705938664370318e-16,1.0917372786202915e-16,3.122307570283633e-17,1000.1794235967144,496.85362857722555,0.3912508579666507,0.19435953577771814,0.7551277379911937,1.882975955804189,0.12627019733190536,4.991207094047525,4.991207094047525,4.411384517958667,0.883831192502441,2.8540998996473412,0.9175776910435678,817,0.7149473811645216,0.6051277379911937,0.985992431640625,0.857330322265625,26789.380859375,2.6044974327087402,0.07491835206747055,0.39440647516328453,9091.434814699489,10565.90527629622,0.2204809933900833,26789.380859375,0.987335205078125,0.872314453125,19649.080078125,0.8036381602287292,0.10496671497821808,0.41833509320873224,7129.028025574442,8219.899744173383,0.29074332118034363,19649.080078125,0.99163818359375,0.915008544921875,2605.843017578125,2.2407922744750977,0.19892552495002747,0.4083752583848474,922.8797077950693,1064.161816172656,0.5868362784385681,2605.843017578125,0.11222779415903743
0.6381158257885573,1.2946133266910878,0.0006015415502910336,0.00046464958910049097,17274.46484375,24.37241554260254,0.2006329894065857,2.7770116443794187e-16,4.5220225518284716e-17,2.1774294589714985e-17,1025.429703668174,618.6435156827008,0.4112213679626043,0.24809056329282814,0.6381158257885573,0.6793702840805054,0.06813826970756054,6.984794142782646,4.8840737052949965,6.984794142782646,1.4301164487362639,4.005569782756732,0.5239319849191153,818,2.2628449343051464,0.4881158257885573,0.984222412109375,0.830047607421875,33192.21875,0.5689972639083862,0.030001793056726456,0.5047301460460544,13422.896453746875,16753.11341457381,0.07825379818677902,33192.21875,0.98651123046875,0.86181640625,48869.046875,0.33004724979400635,0.028672700747847557,0.5032156881624149,19920.15438355045,24591.671056944528,0.07581139355897903,48869.046875,0.991668701171875,0.910064697265625,5297.009765625,1.1390663385391235,0.1457403153181076,0.5911234218912663,2734.5034967166434,3131.186537965354,0.3002375066280365,5297.009765625,0.12909890495306384
0.1558586326663248,1.2502239578884073,0.0005774109138728835,0.00046184598385725555,21759.09765625,39.76239013671875,0.23417073488235474,2.800907988165379e-16,4.476111735531093e-17,1.6417509735165677e-17,1030.3701725132958,582.4378703784985,0.38680898278763376,0.21865171002433642,0.1558586326663248,1.6354908347129822,0.1103331670165062,21.260146364464287,4.876875424566059,21.260146364464287,4.359378600767929,7.967890220451913,2.53728955695866,819,1.4142996774302865,0.005858632666324803,0.991119384765625,0.910797119140625,22091.978515625,1.590453863143921,0.11388757824897766,0.6212204900857966,11809.392701794673,13723.989720010053,0.24240685999393463,22091.978515625,0.990447998046875,0.90301513671875,42973.90234375,2.318720817565918,0.1009058803319931,0.6014264284548856,21805.49442093316,25845.640606422447,0.20114131271839142,42973.90234375,0.990142822265625,0.90045166015625,40446.0546875,0.9972978234291077,0.11620604246854782,0.5871849663423694,20154.844794583412,23749.3152610043,0.2559816837310791,40446.0546875,1.2432339085646096
0.8029678168450559,1.227572257416507,0.0005741666591687768,0.00046772534626771535,6567.0244140625,7.529815196990967,0.5908281803131104,2.1396118056283814e-16,9.37574971351158e-17,2.3694931855597e-17,977.4508197384439,542.0878541404804,0.36709964061957945,0.2035910681342104,0.8029678168450559,0.9680540760358175,0.11063241958618164,4.765871039602973,4.765871039602973,4.057184435118067,0.8512996682881407,2.5008356782274506,-2.47012587219477,820,2.503054346141135,0.6529678168450559,0.982025146484375,0.815032958984375,27606.091796875,0.6393792629241943,0.040284473448991776,0.27306118126688317,6506.954263991836,7538.152036443197,0.18251582980155945,27606.091796875,0.98175048828125,0.81396484375,31296.146484375,0.5945054888725281,0.024407517164945602,0.270838528827525,7312.910820333322,8476.202273387169,0.11265377700328827,31296.146484375,0.990753173828125,0.90447998046875,2106.409912109375,1.67027747631073,0.26720526814460754,0.39936882401381624,743.1033874893185,841.2344495910855,0.8070952892303467,2106.409912109375,0.07152223662712308
0.9756669881662444,1.5527678927747486,0.0007375974308372754,0.00047502104742725673,7066.18603515625,11.205320358276367,0.1386370211839676,1.4111078979480778e-16,2.703350286524454e-17,5.2963480996145446e-18,1022.7550369560122,479.7094721780255,0.6803508364225925,0.31910939456971543,0.9756669881662444,0.8812283277511597,0.041474162290493645,4.936882227812519,4.936882227812519,0.9583727160938503,0.1941250918838498,0.2380622552083181,-1.1971426531599934,821,2.9205390863485654,0.8256669881662444,0.979949951171875,0.783905029296875,18213.09765625,0.6267954111099243,0.04061305522918701,0.37840812465619117,5315.235205136765,6891.984129417168,0.13682815432548523,18213.09765625,0.97821044921875,0.7955322265625,24204.271484375,0.745011568069458,0.02837992087006569,0.403862474877,7773.913911404477,9775.196981407056,0.09312157332897186,24204.271484375,0.979034423828125,0.788238525390625,6558.00830078125,1.2718780040740967,0.05542951077222824,0.3958463236741389,2050.361908561573,2595.963476975278,0.17508773505687714,6558.00830078125,0.3092133450822792
0.9283832510337193,1.4713722384254557,0.0005892251708824477,0.000400459622313514,13596.46484375,18.715381622314453,0.1495804488658905,1.4809321958102278e-16,3.672937610396151e-17,1.419002556542149e-17,1029.9546126594587,679.131919050343,0.4701176196491671,0.3099863598720357,0.9283832510337193,0.5457809269428253,0.06450272972385089,4.863420021857345,4.863420021857345,0.9723819265509515,0.19993788777873187,0.49516203169832185,2.424714876167534,822,2.7608347610497406,0.7783832510337193,0.988922119140625,0.8883056640625,27724.30859375,0.6020297408103943,0.04990663751959801,0.5130939207274144,11969.793815578123,14225.174195699965,0.11806535720825195,27724.30859375,0.988372802734375,0.8834228515625,32442.169921875,0.4850129783153534,0.07270419597625732,0.5138768657597039,13940.490207618903,16671.280602373816,0.1630278378725052,32442.169921875,0.98822021484375,0.880126953125,16897.5078125,0.5503000617027283,0.07089735567569733,0.5101343476578133,7170.606068188363,8619.999124778064,0.16322283446788788,16897.5078125,0.5616917668901558
0.33227617582855157,1.9220251177746928,0.000606472879296126,0.00031553847745668175,12916.51171875,19.36497688293457,0.526851236820221,2.7291846501515736e-16,2.853613781355929e-17,1.1333091680577989e-17,1015.992590997236,536.2063986449624,0.30180968763855304,0.15928490731018513,0.33227617582855157,0.8237656354904175,0.14835159728924432,13.37543793047892,4.918366192623068,13.37543793047892,2.7194880183058343,6.546149690467125,1.6316737180979377,823,1.2320804802664567,0.18227617582855157,0.981842041015625,0.676513671875,61149.6328125,0.5848592519760132,0.047358982264995575,0.34704782641180143,14634.438921462537,21221.8471426482,0.19233189523220062,61149.6328125,0.989593505859375,0.891448974609375,2477.68310546875,1.26255464553833,0.3207423686981201,0.5267349377198323,1134.4940161282402,1305.082256082982,0.7114391922950745,2477.68310546875,0.990386962890625,0.81781005859375,17578.498046875,0.6238830089569092,0.07695344090461731,0.3959269002252724,5581.760412677962,6959.800242970413,0.24054129421710968,17578.498046875,0.5525456415460933
0.917701570590504,2.405428154924628,0.0007965721458287596,0.00033115607472954,12280.607421875,16.760330200195312,0.20772552490234375,2.495688812469658e-16,5.3683702421466336e-17,1.2662611859254997e-17,966.1148298534822,600.8267471962565,0.6801721078002095,0.4229989877344066,0.917701570590504,4.194968859354655,0.07468871523936589,4.950405203348102,4.950405203348102,1.7422771777134436,0.3519463773460587,0.7614066116981629,3.014250055990585,824,0.40854061462201624,0.7677015705905039,0.9866943359375,0.86260986328125,32211.33984375,2.5090935230255127,0.07578743994235992,0.4864279583760088,12833.63593960481,15668.496267753033,0.19826854765415192,32211.33984375,0.9869384765625,0.8695068359375,25487.8359375,1.4380261898040771,0.0478551983833313,0.48403194742520084,10146.208993841654,12336.92686444877,0.1308053582906723,25487.8359375,0.986419677734375,0.862274169921875,15231.5849609375,8.637786865234375,0.10042350739240646,0.48573706335857614,6056.499824779486,7398.5453494144895,0.26992151141166687,15231.5849609375,0.5279654260117586
0.8151127863424245,1.0372399628055797,0.0004337173578090181,0.00041814563009689407,5464.34716796875,12.753361701965332,0.35466355085372925,5.839008185702519e-16,1.1609000193877874e-16,3.1750109121522367e-17,908.6566743704509,454.65841536499727,0.30970276964482363,0.15496388729926366,0.8151127863424245,0.824183464050293,0.08329403400421143,4.912746884966996,4.912746884966996,4.329321328251489,0.8812424962293929,2.461595448068843,-2.2184759355741783,825,2.523720188491953,0.6651127863424244,0.98455810546875,0.778167724609375,23051.412109375,0.5336887836456299,0.03452001512050629,0.3181030311965832,5892.202747873376,7332.7240652242335,0.13616035878658295,23051.412109375,0.992645263671875,0.83831787109375,22592.22265625,0.5523389577865601,0.03521573543548584,0.2576780281335486,4537.390770826914,5821.519384681856,0.1726023554801941,22592.22265625,0.990020751953125,0.89990234375,2972.02197265625,1.386522650718689,0.18014635145664215,0.4660264991747333,1231.5395695643456,1385.0409950621267,0.4528830945491791,2972.02197265625,0.13022722611453943
0.5222595874378603,1.2405650937548938,0.0007197935513109083,0.0005802142547250506,11481.5615234375,25.655664443969727,0.14855219423770905,6.442437590056108e-16,1.225848320150373e-16,2.847918434799028e-17,1018.0141246791009,526.09352797002,0.4990751423044253,0.2579141054843805,0.5222595874378603,6.885530332724254,0.06212918212016424,6.6220964955967725,4.926685238369111,6.6220964955967725,1.3441281866403334,3.4756252615525876,3.0057979206109904,826,1.0212978675253719,0.37225958743786025,0.942108154296875,0.760101318359375,7862.0673828125,18.793304443359375,0.08504720032215118,0.5284527042545495,3188.1771659328265,4154.730770538289,0.19258621335029602,7862.0673828125,0.976593017578125,0.75494384765625,29674.791015625,1.040220022201538,0.05424736440181732,0.5580754351675054,12813.74498749738,16560.771912901015,0.12803243100643158,29674.791015625,0.98809814453125,0.740692138671875,19220.224609375,0.8230665326118469,0.0470929816365242,0.5304813578069222,7701.031790660841,10195.970847329387,0.11593955755233765,19220.224609375,1.0240720949718614
0.9438364778664191,2.000903766408266,0.00073120241883729,0.00036543607499417083,12081.28515625,16.82400131225586,0.9948068857192993,3.0505198941033676e-16,6.760623047546903e-17,2.0910885760974042e-17,1003.1929512859422,648.6514639130729,0.5961568230245774,0.3854672179274887,0.9438364778664191,1.5596515734990437,0.24433173735936484,4.750327143090217,4.750327143090217,2.066664479516619,0.4350572954796956,1.1844380970096449,-2.5604247515101712,827,0.33674104127841353,0.7938364778664191,0.984100341796875,0.835174560546875,29397.10546875,0.5965100526809692,0.04720963537693024,0.48533470384759586,11177.360456877941,14267.43547559104,0.12758511304855347,29397.10546875,0.986572265625,0.86199951171875,30835.509765625,0.6915862560272217,0.04631511867046356,0.4946320175143445,12258.540706334781,15252.23040711632,0.11802418529987335,30835.509765625,0.987548828125,0.737945556640625,2675.807373046875,3.3908584117889404,0.6394704580307007,0.4847014454971121,1002.9969668533695,1296.9677017401386,1.72674560546875,2675.807373046875,0.08884911812760807
0.3877001532013481,1.6836578039251808,0.0005170097384566219,0.0003070753078513317,9792.6787109375,14.579983711242676,0.3326451778411865,3.1342198666676874e-16,6.180037463191285e-17,1.697951979556601e-17,1024.6018238925642,610.5782572209488,0.3071112748272018,0.1830130130400381,0.3877001532013481,0.7070187926292419,0.10316607356071472,8.336376425263934,4.533382517708632,8.336376425263934,1.8388866134061637,3.379466392768286,2.991651358755923,828,1.9689316152489795,0.2377001532013481,0.987457275390625,0.870941162109375,6023.3095703125,0.9225218296051025,0.13282115757465363,0.42734454136423683,2164.267359900472,2574.0284656755007,0.4200361967086792,6023.3095703125,0.9854736328125,0.85498046875,32394.716796875,0.6585279703140259,0.10909536480903625,0.4051975616969804,10755.723943795754,13126.260257455915,0.32670512795448303,32394.716796875,0.98675537109375,0.86602783203125,25659.5078125,0.5400065779685974,0.06758169829845428,0.40644046762923325,8712.536627287765,10429.062354903945,0.2045181542634964,25659.5078125,1.3358056224572514
0.774118298484832,1.7686987636194582,0.0007260261302824037,0.00041048602804282327,6518.0810546875,8.925284385681152,0.22243522107601166,4.721014339506076e-16,8.434054038191396e-17,3.29847862961011e-17,1022.0681678119973,498.41543294164046,0.5744330874706502,0.28012448191259154,0.774118298484832,4.09450501203537,0.04772389431794485,4.855020817718377,4.855020817718377,4.762439531851722,0.9809308158826467,2.7156409958173446,0.9509118472694844,829,0.6854752236408351,0.624118298484832,0.9796142578125,0.794677734375,25233.361328125,8.109407424926758,0.03345780074596405,0.2698151168213657,5679.724756883396,6808.342334023614,0.16842283308506012,25233.361328125,0.98284912109375,0.827545166015625,28744.646484375,0.4789441227912903,0.032064810395240784,0.29903154144935795,7371.9902794065165,8595.555946122218,0.13769274950027466,28744.646484375,0.986297607421875,0.859771728515625,7249.3681640625,3.6951634883880615,0.0776490718126297,0.37062884072990643,2295.043513428179,2686.82491921276,0.28378158807754517,7249.3681640625,0.26860450979384687
0.15645131145923263,2.375743834206693,0.0007764206101758141,0.00032681158591118723,52752.78515625,66.3007583618164,0.6178459525108337,8.652285705876169e-16,3.816762678375223e-17,1.0333726856736196e-17,1020.5321834407799,614.719141067636,0.29818113911785377,0.1796098709039222,0.15645131145923263,1.6885892152786255,0.19511953989664713,38.69270766494492,4.905714971929356,38.69270766494492,7.887271862785694,18.706280756726496,1.1318143914761345,830,1.4136996376806337,0.006451311459232639,0.98785400390625,0.87799072265625,191969.34375,1.2617526054382324,0.09503278136253357,0.4268815058120257,70950.04250667582,81948.16251164208,0.2824811339378357,191969.34375,0.988250732421875,0.879058837890625,92447.7578125,1.026650309562683,0.07263481616973877,0.4299062667012315,34424.734028165665,39743.87042782207,0.22628551721572876,92447.7578125,0.9908447265625,0.908721923828125,13242.0595703125,2.777364730834961,0.41769102215766907,0.5523176973119236,6392.554906700629,7313.823851626801,0.8731278777122498,13242.0595703125,0.09311718245889365
0.7835611724672865,1.5874313251292276,0.0007137495734763755,0.00044962548122720933,6052.248046875,8.813212394714355,0.16221602261066437,5.249165203507639e-16,1.0152613375830026e-16,4.0940448877663e-17,1029.6379207739888,494.85751942474536,0.36275077752369916,0.17434279207571923,0.7835611724672865,0.7504946192105612,0.039927128702402115,4.912211315105376,4.912211315105376,3.471343602580813,0.706676358141638,1.4452786942484512,3.037200739261661,831,2.4711732810114113,0.6335611724672865,0.9793701171875,0.7874755859375,19764.083984375,0.9053394794464111,0.035804085433483124,0.30247162209702383,4627.90494136636,5978.074539422086,0.1505792886018753,19764.083984375,0.982696533203125,0.8236083984375,20801.76171875,0.6245656609535217,0.0494779534637928,0.3279099932194003,5535.279282546292,6821.105545290971,0.1826564371585846,20801.76171875,0.979705810546875,0.7923583984375,17305.07421875,0.7215787172317505,0.03449934720993042,0.30371892764763836,4092.2676258430247,5255.878584497045,0.14733350276947021,17305.07421875,0.8531844421730815
0.9402770946067982,1.76268021236022,0.0006896403176101884,0.00039124528248193327,9933.86328125,13.098060607910156,0.08728986978530884,1.5561768638466213e-16,4.7472644584009476e-17,1.1802633452644605e-17,1035.9475120840873,611.4408924300619,0.3811033114795579,0.2249362503031896,0.9402770946067982,0.5549536546071371,0.028302251050869625,4.93115131174736,4.93115131174736,1.1536749617877955,0.23395651215151805,0.5117315556732883,2.0539267697747308,832,0.3473529317595361,0.7902770946067982,0.986328125,0.86175537109375,26743.69921875,0.5275530219078064,0.033590175211429596,0.4305689340898472,9427.46547475878,11515.006067101835,0.09705324470996857,26743.69921875,0.980987548828125,0.803619384765625,27893.5234375,0.4945836067199707,0.022276069968938828,0.41299882528120974,8790.274555965425,11519.992410254918,0.06959747523069382,27893.5234375,0.982696533203125,0.821502685546875,13422.6572265625,0.642724335193634,0.029040507972240448,0.41305568731412035,4298.326185083946,5544.30490752357,0.09186294674873352,13422.6572265625,0.49133746460764033
0.22399614649749836,1.8278899119481167,0.0007213921735479427,0.0003946584358458995,11242.8173828125,24.39729118347168,0.3273172378540039,5.918024311711871e-16,4.6974864033045544e-17,1.72611176649869e-17,964.3654119526262,434.6131033765453,0.44715560145480326,0.2015207941219946,0.22399614649749836,1.6742598215738933,0.13617918888727823,13.08697869373017,4.769053244132177,13.08697869373017,2.7441460650145464,5.768086748735155,-1.0127765319288966,833,1.3448834391940467,0.07399614649749836,0.984832763671875,0.8717041015625,24286.869140625,1.5240917205810547,0.09084467589855194,0.5571296806688433,11012.212711908764,13530.935646191516,0.19659198820590973,24286.869140625,0.98944091796875,0.88140869140625,8659.638671875,2.1540660858154297,0.24221676588058472,0.5751519336044894,4133.6362469727155,4980.60792578103,0.48985588550567627,8659.638671875,0.98046875,0.8165283203125,24114.427734375,1.3446216583251953,0.07547612488269806,0.5427684715100822,10298.007622532461,13088.551081859916,0.17364537715911865,24114.427734375,1.4638533389706279
0.9991637615850812,2.077968944892297,0.0007641817529113569,0.0003677541739927038,5999.533203125,16.383529663085938,0.4072597622871399,1.9501495975424973e-17,4.6999693996744696e-18,1.254247843978672e-18,1031.1359716669933,374.57006748635376,0.3788874521164365,0.13763451417522604,0.9991637615850812,9.765049358208975,0.14707773178815842,4.822071856453445,4.822071856453445,0.1748198087846043,0.03625408620791093,0.07920225716746108,-0.4199401036231598,834,0.040898777244076596,0.8491637615850812,0.989105224609375,0.887420654296875,11095.259765625,1.1091203689575195,0.14501813054084778,0.49368520948627903,4514.375218023712,5477.565640388988,0.33723098039627075,11095.259765625,0.984619140625,0.795196533203125,19729.509765625,0.5269853472709656,0.06879673153162003,0.44724954863657956,6311.850708302831,8824.014335759868,0.221714586019516,19729.509765625,0.987701416015625,0.87445068359375,742.4591674804688,27.659042358398438,0.22741833329200745,0.4592047311371555,265.1894443674974,340.9407623060559,0.5803665518760681,742.4591674804688,0.04817289334330739
0.7899400859738158,1.224801274046866,0.0004621510647568142,0.00037732738734817025,10698.4658203125,15.22375202178955,0.09195523709058762,1.7218579515358958e-16,3.658038718674169e-17,1.516860306557657e-17,989.9772034029206,585.9141246267179,0.29507857362290635,0.17464109634653802,0.7899400859738158,0.5182898938655853,0.03160148113965988,4.697115439440926,4.697115439440926,2.538489445215233,0.5404358223559813,1.1064561467448777,2.149396763894483,835,0.6600850452349484,0.6399400859738158,0.98773193359375,0.87628173828125,24613.83203125,0.35345783829689026,0.033315837383270264,0.4716003508975823,9615.041235968745,11607.891826806721,0.09098950028419495,24613.83203125,0.9873046875,0.763702392578125,20844.201171875,0.5973572731018066,0.033530186861753464,0.4551549135466187,7330.657987958136,9487.340582217768,0.09802879393100739,20844.201171875,0.98138427734375,0.80499267578125,23990.779296875,0.6040545701980591,0.027958419173955917,0.4539753760523585,8463.430697954136,10891.22305065569,0.08652476221323013,23990.779296875,1.0555132990322933
0.5803563417204005,1.5999622345858457,0.0006672434042977152,0.00041703697116978063,16427.474609375,35.705413818359375,0.19501708447933197,1.0667656309060176e-15,1.119598394928619e-16,3.2618539405385035e-17,995.8764364034012,512.8170385306886,0.38564213675435477,0.19858272700701446,0.5803563417204005,0.9434077938397726,0.08607614785432816,9.044616308066498,4.868096369411698,9.044616308066498,1.8579369884494554,5.243187380210197,-2.147583366623501,836,0.9516301330133069,0.4303563417204005,0.988800048828125,0.88623046875,38722.7109375,0.5292906761169434,0.07484876364469528,0.5617791296457677,17969.878831536036,21753.61084822286,0.16762210428714752,38722.7109375,0.988616943359375,0.8858642578125,31849.4296875,0.7827512621879578,0.08318819850683212,0.5594417724896862,14705.256262405323,17817.90139809447,0.1800297051668167,31849.4296875,0.9886474609375,0.888031005859375,7847.68359375,1.5181814432144165,0.10019148141145706,0.5538074401423758,3596.1624842860674,4346.1055619760045,0.2323579043149948,7847.68359375,0.22240174449150768
0.29086045180841147,1.2374749825039002,0.0005904722162177699,0.0004771589119506979,14529.9794921875,28.85443878173828,0.30866166949272156,5.330806903365307e-16,6.434514675917706e-17,2.2294452877918263e-17,1038.007527284202,522.8782993592263,0.5183045779391257,0.26108694700121393,0.29086045180841147,0.6950786014397939,0.1088448924322923,12.520706351111434,4.92581827611105,12.520706351111434,2.5418530788749627,4.771704371330823,2.6548305104102887,837,1.2756702777514806,0.14086045180841147,0.995025634765625,0.84552001953125,8480.13671875,1.1062148809432983,0.22687408328056335,0.5607449597087245,3935.000808529221,4755.193921303597,0.48614662885665894,8480.13671875,0.985076904296875,0.8499755859375,35758.62109375,0.5206208229064941,0.05078621208667755,0.5262204896708392,14818.960357966076,18816.919095890775,0.12528002262115479,35758.62109375,0.983917236328125,0.866485595703125,30437.50390625,0.45840010046958923,0.048874381929636,0.5263573543381885,12882.568195247994,16021.004033531912,0.12127247452735901,30437.50390625,1.376055993039192
0.6409112157534589,1.3558881194679224,0.0007873509162868856,0.0005806901800982354,13728.5751953125,20.111141204833984,0.1411217749118805,1.765769579479286e-16,3.5052569164626774e-17,1.2410280821608523e-17,965.7774678412518,602.990205632756,0.4316388977738838,0.26949689384403047,0.6409112157534589,0.518540233373642,0.06401607270042102,5.23254269510198,4.700020026731991,5.23254269510198,1.1133022126163707,2.1056600919794404,-1.4651621788400113,838,0.8751115746794008,0.49091121575345886,0.99114990234375,0.911651611328125,34031.67578125,0.40786150097846985,0.07232454419136047,0.5775160880528736,17057.607142584307,19653.840262858266,0.15024283528327942,34031.67578125,0.98907470703125,0.8857421875,13332.9853515625,0.6080087423324585,0.07075455784797668,0.5520412697956549,6068.638420050806,7360.358163230958,0.15732185542583466,13332.9853515625,0.98974609375,0.89251708984375,20154.892578125,0.5397504568099976,0.04896911606192589,0.5546610189784861,9326.532334202187,11179.133257545725,0.11065728217363358,20154.892578125,0.8510519064671374
0.9991978033263281,1.7661603485564599,0.000601396214871594,0.0003405105404858254,11863.05078125,17.952131271362305,0.22226940095424652,3.124640512513762e-17,8.049987571540543e-18,2.003333651879966e-18,1036.4853690372063,657.7987762300925,0.35265107058068595,0.22380773486430194,0.9991978033263281,1.2140000462532043,0.06890896459420522,4.641595284123906,4.641595284123906,0.18076865590322747,0.03894537219165312,0.1218677779524722,0.2333794958022346,839,3.101535096253585,0.8491978033263281,0.983154296875,0.834075927734375,29987.23828125,1.5234403610229492,0.02499418705701828,0.46790937874139216,10984.074782171334,14031.310033285383,0.06945136189460754,29987.23828125,0.98687744140625,0.85223388671875,30565.166015625,0.3439485430717468,0.03198312968015671,0.49091803718409144,12235.205006169104,15004.991305008512,0.08029846101999283,30565.166015625,0.9825439453125,0.825714111328125,886.0809936523438,1.774611234664917,0.14974957704544067,0.463336175041616,317.7206604783038,410.5533782622943,0.37827301025390625,886.0809936523438,0.029266583348469048
0.9965483568834793,1.739999846868126,0.0005338186136095519,0.0003067923336719752,8112.23828125,21.76959800720215,0.3945467472076416,4.420922035291459e-17,1.1324669297602467e-17,3.98742088465537e-18,952.5268973561488,474.6902595351861,0.29121928313409484,0.14512866510780215,0.9965483568834793,1.3450385729471843,0.13010540728767714,4.905806951333921,4.905806951333921,0.48331255552171926,0.09851846196073888,0.2660593407751898,-2.8599654124094567,840,0.0831099342587123,0.8465483568834793,0.955780029296875,0.784271240234375,17051.576171875,1.1051137447357178,0.06003444269299507,0.5214053000259191,6921.5998686104285,8890.78219116592,0.15140743553638458,17051.576171875,0.985260009765625,0.611663818359375,20515.806640625,0.4916715621948242,0.03708653151988983,0.5298189374537953,8109.551153444503,10869.662875023789,0.0874444767832756,20515.806640625,0.976348876953125,0.789459228515625,895.4103393554688,2.4383304119110107,0.2931952476501465,0.5351945402422076,387.49647843233754,479.21872499768364,0.6532379388809204,895.4103393554688,0.04766956185500013
0.958122187109322,1.6033362433949272,0.0007464439086497626,0.000465556686393636,6608.9580078125,8.843096733093262,0.3132733404636383,3.2338395205000127e-16,5.2114803076506436e-17,1.5025720347145946e-17,1046.4951874583485,591.372027838819,0.4667998427700669,0.2637875194478747,0.958122187109322,2.354283650716146,0.07699908564488094,4.910139761294513,4.910139761294513,1.7750886254346814,0.3615148879116011,0.9486675924836607,0.8506515827525347,841,0.29042525202567737,0.8081221871093219,0.984222412109375,0.840911865234375,19200.181640625,0.60760897397995,0.07547430694103241,0.35537668371249026,5757.326059702915,6823.296877779163,0.2502405345439911,19200.181640625,0.98333740234375,0.83331298828125,29975.8828125,0.6405523419380188,0.03893614560365677,0.3048958927190071,7859.6788839235605,9139.523548404573,0.1624903678894043,29975.8828125,0.949981689453125,0.6971435546875,3017.361572265625,5.814689636230469,0.11658680438995361,0.32246164039916525,758.4874628406149,972.9833621976031,0.45322808623313904,3017.361572265625,0.12271667551362501
0.568766626829993,1.2041646804356658,0.0007589024919161922,0.0006302314826586858,19287.48828125,28.240066528320312,0.33260324597358704,6.15317446318301e-16,7.914850828258533e-17,2.902060445976079e-17,982.1739206189739,571.2901334675676,0.552769772590938,0.32152341915299415,0.568766626829993,3.259989341100057,0.12414040416479111,9.045314729568286,4.826285019543904,9.045314729568286,1.874177487019424,5.4756701256187155,1.1235533247391158,842,2.1758018594006017,0.418766626829993,0.975067138671875,0.795989990234375,63042.65234375,1.4874788522720337,0.12100021541118622,0.4608342770472003,22401.413581081353,29052.21511700557,0.3125004172325134,63042.65234375,0.982086181640625,0.814727783203125,35133.296875,6.659834861755371,0.09097938984632492,0.4600690583631903,12598.131815165627,16163.742811338296,0.25095444917678833,35133.296875,0.989715576171875,0.8966064453125,6413.57861328125,1.6326543092727661,0.16044160723686218,0.5105945211746915,2817.4319465526996,3274.7381010885906,0.39984065294265747,6413.57861328125,0.13065478183441614
0.8306358597539881,2.1161982767390355,0.0006987154559012536,0.00033017485345368584,10587.513671875,24.0007381439209,0.17196615040302277,4.115416866697424e-16,7.555367116620901e-17,2.4500911531909425e-17,1004.5728472668094,513.7035515355309,0.3803485139915187,0.19449697748680153,0.8306358597539881,0.8809149861335754,0.07741518567005794,4.957049660852853,4.957049660852853,2.9900609012529937,0.6031936546583958,1.3924160861159485,-0.23217210630542517,843,2.551044997054188,0.6806358597539881,0.992340087890625,0.92193603515625,13532.23046875,0.8986729383468628,0.11708274483680725,0.6236701921693898,7432.53890515115,8439.648775424916,0.23515944182872772,13532.23046875,0.992156982421875,0.921173095703125,23352.306640625,1.0728733539581299,0.04508142173290253,0.6140147802268753,12612.128925774112,14338.661429715714,0.09943792968988419,23352.306640625,0.99212646484375,0.92156982421875,12425.9970703125,0.6711986660957336,0.07008139044046402,0.6205639693757243,6790.0086550382475,7711.126063792222,0.15118764340877533,12425.9970703125,0.6737781218978164
0.7130127336743797,2.3544545690602154,0.0007797804861009356,0.00033119368551340805,5829.6630859375,10.95447826385498,0.4152824282646179,7.369180770712325e-16,9.481950900759595e-17,3.07269701521335e-17,1045.7288734943713,558.3648331798462,0.4935043790945684,0.26350567273319664,0.7130127336743797,1.5374215046564739,0.10340749099850655,6.582027043550108,4.999848820758079,6.582027043550108,1.316445212547874,3.4587368115813204,0.8065054434858063,844,0.7770106116392652,0.5630127336743797,0.9498291015625,0.6939697265625,31697.36328125,2.0813510417938232,0.039252545684576035,0.21526504978637592,5567.067991461599,6823.334485073289,0.23773398995399475,31697.36328125,0.964141845703125,0.580322265625,32305.40234375,1.3610916137695312,0.03934797644615173,0.21738022149191416,5387.695375497364,7022.5555167834955,0.2311462014913559,32305.40234375,0.9927978515625,0.925689697265625,4016.82763671875,1.169821858406067,0.23162195086479187,0.6138962539210958,2208.5585344138935,2465.9154390326285,0.44904381036758423,4016.82763671875,0.1255204395464356
0.9538865432069695,1.5977412414076289,0.0007934503449206697,0.000496607538415689,6781.525390625,10.142823219299316,0.3478897213935852,2.943671864295756e-16,7.03138234369563e-17,1.9004874215929167e-17,1033.253599793504,541.5279028850798,0.5092675458968886,0.266906968620374,0.9538865432069695,1.2244508067766826,0.07702556997537613,4.839019821968965,4.839019821968965,1.8738666650807523,0.387240956644457,1.1433954635098158,-2.576197746967305,845,2.836724521164137,0.8038865432069695,0.94586181640625,0.7698974609375,22506.34765625,1.3149735927581787,0.02992604672908783,0.32674084287752997,5952.444953843666,7353.743004789499,0.12083303183317184,22506.34765625,0.980560302734375,0.79779052734375,24944.91015625,0.5476850867271423,0.029426075518131256,0.3663232464249672,7288.845375076688,9137.900470434304,0.10339182615280151,24944.91015625,0.98565673828125,0.85357666015625,1774.8270263671875,1.8106937408447266,0.1717245876789093,0.35117780771986484,531.60603456124,623.2798640979403,0.5772498846054077,1774.8270263671875,0.07480632161028397
0.7228472718326941,2.0837307886385252,0.0007002907339311568,0.0003360754363037056,13271.71875,20.803377151489258,0.7033250331878662,5.917226312294298e-16,1.1802917332713283e-16,3.8898823291388444e-17,1033.6853037441392,545.8102802281535,0.35860917160504013,0.1893541213531476,0.7228472718326941,3.0234468181928,0.21245688945055008,5.468443510086476,4.92606929409025,5.468443510086476,1.1101028393260537,2.9777219092017466,-2.370172978805967,846,0.7628823760270796,0.5728472718326941,0.986175537109375,0.85882568359375,27997.28515625,1.110541820526123,0.07018047571182251,0.5198390978024735,11715.14922840539,14554.083458151783,0.16604933142662048,27997.28515625,0.9849853515625,0.84661865234375,34512.6484375,0.5720775723457336,0.05115839093923569,0.5116542664661308,14012.682059092098,17658.54382164527,0.1259341686964035,34512.6484375,0.977630615234375,0.777374267578125,3902.202392578125,7.387721061706543,0.516031801700592,0.5596939869755181,1732.8755821630948,2184.0392152089426,1.1391868591308594,3902.202392578125,0.12485063311499929
0.6087356432399409,1.3684740878899175,0.0006634047000403124,0.0004847769540621933,10045.2939453125,20.59758758544922,0.14765125513076782,2.879175676723866e-16,5.430760871965464e-17,2.1952244690558097e-17,1029.9466835451285,472.33641591192327,0.4615424019126603,0.21166463021214654,0.6087356432399409,2.1804438829421997,0.06098691622416178,4.99476151800207,4.99476151800207,3.6319625756822878,0.7271543521331307,1.5251160040839529,2.589471852212646,847,0.916330359141959,0.45873564323994087,0.990570068359375,0.904632568359375,10888.08984375,5.538112640380859,0.09716802835464478,0.5493108432750794,4951.864600025408,5980.94581222707,0.21820899844169617,10888.08984375,0.989715576171875,0.8946533203125,17108.2109375,0.5832487940788269,0.04682573676109314,0.5698864970814591,8163.658151459764,9749.73840043879,0.10599939525127411,17108.2109375,0.986968994140625,0.867767333984375,23688.921875,0.41997021436691284,0.038966983556747437,0.553459587227467,10651.854992017907,13110.860922000113,0.0870266854763031,23688.921875,1.6922894249561151
0.4928549460404866,1.9633541643724113,0.0007333022916912498,0.0003734946577637208,8729.93359375,11.998501777648926,0.16877101361751556,4.172105569031318e-16,5.693313077279983e-17,2.0617589797229485e-17,907.9304870378547,523.8475580703985,0.3681493672529046,0.21241069640671256,0.4928549460404866,1.1317726572354634,0.03580980747938156,9.201377391156937,4.79095289749608,9.201377391156937,1.920573545184696,5.1569400392675835,1.2895630812594652,848,1.0554284846593631,0.3428549460404866,0.980499267578125,0.771820068359375,46531.66015625,1.2398185729980469,0.031160347163677216,0.28550212247707857,10878.011454137984,13284.887737633238,0.13875415921211243,46531.66015625,0.970489501953125,0.71002197265625,22320.404296875,0.9622510075569153,0.03255372494459152,0.26940502773181624,4761.016849064161,6013.229137036425,0.1521458923816681,22320.404296875,0.96270751953125,0.599609375,15064.982421875,1.1932483911514282,0.043715350329875946,0.2654174178289081,3035.1289940473525,3998.5087335065273,0.21133220195770264,15064.982421875,0.4376043780686156
0.7935109286584078,2.262236880163598,0.0007491305117131397,0.0003311459194578089,9868.6748046875,14.815009117126465,0.08708350360393524,1.442576868726565e-16,3.780448057739431e-17,1.3037966299948116e-17,1045.9006049310665,609.6602988868357,0.6217285527178749,0.36240844826879265,0.7935109286584078,0.6043296655019125,0.02767717031141122,4.973272068248496,4.973272068248496,2.649370120718089,0.5327217341743287,0.7113702953042742,2.4664808877330975,849,0.654239558613277,0.6435109286584078,0.975830078125,0.735137939453125,23575.6015625,0.4844127297401428,0.021420102566480637,0.42430516657057615,7275.259050168701,10003.249547024285,0.06632892787456512,23575.6015625,0.983428955078125,0.83123779296875,21339.29296875,0.5514809489250183,0.03316815197467804,0.43423160485708723,7130.672743004663,9266.195431478964,0.09800031781196594,21339.29296875,0.977783203125,0.77545166015625,24341.431640625,0.7770953178405762,0.02844325639307499,0.42345556301196435,7529.905316471937,10307.514639677598,0.09303584694862366,24341.431640625,1.0838912968476058
0.9970752647624513,1.4198256118528065,0.0007201965606510202,0.0005072429702906944,9316.61328125,13.414189338684082,0.20444722473621368,3.9334353981086653e-17,6.8537392017897685e-18,2.0418283949790572e-18,983.6111349205931,535.8292444596171,0.49747059602247073,0.2710006873083185,0.9970752647624513,3.7643889586130777,0.06049386411905289,4.985978312274691,4.985978312274691,0.3301407375390401,0.06621383344694576,0.12334226185235778,1.849380466983896,850,0.0765004840493525,0.8470752647624513,0.985382080078125,0.8507080078125,21468.35546875,0.4647223949432373,0.033948905766010284,0.4479854203697535,7754.112163351516,9617.510249670124,0.10254137217998505,21468.35546875,0.917510986328125,0.7197265625,29907.732421875,8.282397270202637,0.039757221937179565,0.4315679654703396,9646.342458546918,12907.219234206812,0.11708817631006241,29907.732421875,0.968719482421875,0.709930419921875,2655.008056640625,2.5460472106933594,0.10777546465396881,0.43027464822293093,855.2972525078551,1142.382657504496,0.3224424421787262,2655.008056640625,0.10335578926495512
0.4741923218114793,1.634971468806132,0.0006608139734145101,0.0004041746207944786,9797.513671875,13.95224380493164,0.22354601323604584,6.195495005023488e-16,1.1349519171250646e-16,2.3729248870624668e-17,1006.9277147536216,571.8508166319126,0.45511971441193627,0.2584699740988161,0.4741923218114793,1.3233293096224468,0.04648863027493159,8.854556120805535,4.7677007371763915,8.854556120805535,1.8571962899771957,4.812276047686647,0.03851868478254117,851,1.0767498988983062,0.3241923218114793,0.979583740234375,0.791839599609375,13610.8662109375,1.4724339246749878,0.056345172226428986,0.2811113074826204,3058.8472514247624,3826.168395169288,0.2654266953468323,13610.8662109375,0.96636962890625,0.7056884765625,59650.21484375,1.7036681175231934,0.039955075830221176,0.2565544441704561,11423.62208812165,15303.527710452396,0.20543718338012695,59650.21484375,0.98199462890625,0.81524658203125,20988.056640625,0.7938858866691589,0.04316564276814461,0.2980696284824203,5140.867791768663,6255.9022452243535,0.1936836987733841,20988.056640625,0.5729660643407093
0.8632143736589525,1.2938289546020074,0.0007798256783824076,0.000602727026326512,6312.71240234375,12.404939651489258,0.14753204584121704,1.2903976226039922e-16,3.0925375858221105e-17,1.2617074583344057e-17,1014.9756096813009,483.75948449254486,0.5516105435457812,0.26290960062591906,0.8632143736589525,0.8334901730219523,0.04496314376592636,4.850182890965749,4.850182890965749,1.2490238720969016,0.25752098429595527,0.5834775712396593,-0.7325535634515923,852,2.612398898362641,0.7132143736589525,0.974273681640625,0.683685302734375,19716.142578125,1.2980116605758667,0.054478421807289124,0.3839050325449922,5301.687873149568,7569.126358405433,0.177011176943779,19716.142578125,0.983734130859375,0.7430419921875,14387.8486328125,0.6117680072784424,0.0460265576839447,0.39784693132680077,4224.200041067108,5724.161428289539,0.1409004032611847,14387.8486328125,0.9822998046875,0.81658935546875,14199.2958984375,0.5906908512115479,0.03438445180654526,0.3824679672329437,3903.1234148912927,5430.7758368522655,0.11914758384227753,14199.2958984375,0.8327058150239988
0.6931822550486884,1.5353746690293735,0.0005299102789549623,0.0003451341810204272,16311.546875,25.423126220703125,0.23487386107444763,4.485904710183418e-16,9.378309780571587e-17,3.0356077963707643e-17,1047.2781642163893,550.6952376420279,0.31229007659321195,0.16421297017247086,0.6931822550486884,1.6699511607487996,0.0828513652086258,5.055851437899237,4.896927091291276,5.055851437899237,1.032453892746452,3.3890191612359404,-2.4326983201211623,853,0.8049014700719765,0.5431822550486883,0.9874267578125,0.8768310546875,31848.607421875,0.6288045048713684,0.03867584839463234,0.5660225821289396,14732.502971400882,18027.03100967568,0.08840538561344147,31848.607421875,0.990478515625,0.902130126953125,37572.09375,0.5938320755958557,0.038522373884916306,0.5747016570277237,18320.031017577203,21592.744534207617,0.08894047886133194,37572.09375,0.9803466796875,0.783660888671875,5720.09814453125,3.787216901779175,0.17135587334632874,0.46184866577179884,2061.7756872369537,2641.819696581636,0.44660499691963196,5720.09814453125,0.1647951705462947
0.616142467152336,1.3171270274117182,0.0007184755758693061,0.0005454869279246209,13450.5263671875,21.242738723754883,0.20611202716827393,6.072608126432515e-16,7.989331873004502e-17,2.6576840129749876e-17,1040.3162495052684,546.7817523827825,0.583678051988644,0.3067764328832618,0.616142467152336,1.081608533859253,0.08005121598641078,6.400448969888228,4.8591823723786405,6.400448969888228,1.3171864069705856,3.285502666744282,-3.010737574126768,854,0.9069606779974313,0.466142467152336,0.9854736328125,0.84564208984375,21018.609375,1.4360761642456055,0.09522692859172821,0.4809813638728625,7990.6130640083975,10109.559404297155,0.23380598425865173,21018.609375,0.988250732421875,0.883056640625,37536.06640625,0.6632879972457886,0.05529911071062088,0.4944825258757514,15380.432739529984,18560.928927853696,0.14161600172519684,37536.06640625,0.98052978515625,0.82177734375,20383.828125,1.1454614400863647,0.08962760865688324,0.48076995926097243,7649.120996243997,9799.932220043656,0.23240706324577332,20383.828125,0.6962322941091983
0.9885406569280107,1.8357840675253043,0.0006810411405601686,0.00037098107158007633,9306.5869140625,10.567363739013672,0.3481154143810272,1.3613761569842783e-16,2.5112312330302913e-17,7.144134285670359e-18,1046.4172679523078,567.8626146771794,0.38375247095200304,0.20825218411205043,0.9885406569280107,0.6871471504370371,0.1061218132575353,4.763334325986512,4.763334325986512,0.8280816351916386,0.173844953664918,0.5109742408394223,-2.53623125437757,855,2.990058523506789,0.8385406569280107,0.98870849609375,0.887176513671875,25279.10546875,0.37782418727874756,0.032703280448913574,0.46526929084302643,10041.878917725513,11761.591473985776,0.08910439163446426,25279.10546875,0.990570068359375,0.905181884765625,22151.794921875,0.2801331579685211,0.03697305917739868,0.4968949240965677,9578.920179734465,11007.114459856359,0.0939168781042099,22151.794921875,0.989166259765625,0.892303466796875,1250.6029052734375,1.4034841060638428,0.24868910014629364,0.4704076840387063,508.3544473197527,588.293216297317,0.5977813601493835,1250.6029052734375,0.052733677622557915
0.870770829199873,1.3389618160329733,0.0007995880370556131,0.0005971701563713019,8388.3466796875,11.506308555603027,0.12340765446424484,3.6506523161565054e-16,7.80071202006088e-17,2.0045498427656064e-17,1046.4853770682555,495.1988784919837,0.5441706717154583,0.2575026008453708,0.870770829199873,2.157221515973409,0.03446687012910843,4.901879596323681,4.901879596323681,2.259096997480663,0.46086342046731293,0.8450236183888258,2.609498543721669,856,2.6275641944035333,0.720770829199873,0.9808349609375,0.804107666015625,18419.431640625,1.999369502067566,0.04263150691986084,0.34700370361395133,4914.005018004573,6391.61100048572,0.1551746428012848,18419.431640625,0.985870361328125,0.85260009765625,28831.55078125,2.0303802490234375,0.029830552637577057,0.396272797170341,9410.098454980287,11425.15927158706,0.10547543317079544,28831.55078125,0.98272705078125,0.832305908203125,17207.419921875,2.4419147968292236,0.03093855082988739,0.3661955514976981,5047.926794330855,6301.2806297687675,0.10995157808065414,17207.419921875,0.7283412551400738
0.9873064760595273,1.7391610293553397,0.0007286497088415014,0.0004189662121808193,7632.95263671875,11.604805946350098,0.213703453540802,4.733785527804787e-17,1.0097398376550778e-17,4.800842469810558e-18,1000.7892154740196,614.2867553514717,0.7199683383849521,0.4419182458244264,0.9873064760595273,0.8236304720242819,0.055320040633281074,4.8400481735457035,4.8400481735457035,0.653260641325311,0.13496986350174028,0.28293424392148414,-1.0703812718008652,857,2.9820904939090167,0.8373064760595272,0.983154296875,0.705291748046875,26433.33984375,0.836289644241333,0.025933343917131424,0.35748628695551243,6709.125528384238,9449.556513038022,0.09423905611038208,26433.33984375,0.988525390625,0.758819580078125,22361.552734375,0.32704395055770874,0.03297283500432968,0.4038356808628454,7000.873662423619,9030.392874066038,0.10112953931093216,22361.552734375,0.9852294921875,0.71282958984375,5195.7900390625,1.3075578212738037,0.10705394297838211,0.38221169040482333,1496.3255477600596,1985.891693920924,0.34266212582588196,5195.7900390625,0.2129645036411782
0.7995970554452572,1.9681141110325617,0.0007592336579057767,0.000385767092288896,10560.1298828125,20.67010498046875,0.06574781984090805,1.8371159143305822e-16,4.056454010905111e-17,1.1640568690846756e-17,1033.1299184551765,504.5638050407538,0.4523770360221979,0.22093356753206966,0.7995970554452572,0.43074530859788257,0.027216340725620587,4.904115426977546,4.904115426977546,2.9884426907455452,0.6093744601332419,1.4423780787602518,-1.2882623057180307,858,0.6441723826958459,0.6495970554452571,0.984893798828125,0.8436279296875,21339.400390625,0.7997338175773621,0.03282466530799866,0.5525592841228342,9355.024533078116,11791.283802621125,0.07724004983901978,21339.400390625,0.99041748046875,0.89471435546875,17752.935546875,0.2343456894159317,0.02451351284980774,0.5670263535680699,8412.410776385703,10066.38230731822,0.05946420133113861,17752.935546875,0.98980712890625,0.881561279296875,17272.427734375,0.258156418800354,0.024310844019055367,0.5618651207937404,7995.7254025908405,9704.774695512851,0.05945431441068649,17272.427734375,0.8836733502950447
0.9404299882491284,2.150430184008072,0.0007243580761841231,0.00033684333561298453,8217.12890625,15.172273635864258,0.1352769434452057,9.726083258278156e-17,1.9169117535502806e-17,8.882804165468966e-18,1007.0306519446771,565.8614031294236,0.6034922767326918,0.33910883033229844,0.9404299882491284,0.7557835181554159,0.04349725445111593,4.84483640144019,4.84483640144019,1.604569273601808,0.331191631800989,0.601744619077089,-0.26448825065851445,859,2.794689146335389,0.7904299882491284,0.990203857421875,0.783172607421875,22311.51171875,0.5168266892433167,0.041253142058849335,0.4390468048356777,7557.961042744932,9795.797933379423,0.12185946106910706,22311.51171875,0.9852294921875,0.752410888671875,22675.798828125,0.7135060429573059,0.03558550775051117,0.41469579772477727,6823.198807588092,9403.558483305733,0.11224217712879181,22675.798828125,0.966156005859375,0.724029541015625,9925.5205078125,1.037017822265625,0.053653113543987274,0.42956820670320495,3210.5363802939037,4263.688045593298,0.1649772822856903,9925.5205078125,0.4412586743753219
0.8286819652354938,1.896975229418738,0.0005771463436589983,0.0003042455877696646,11824.7099609375,13.213705062866211,0.13609710335731506,1.7841706146387773e-16,5.674830468445804e-17,1.469335016177526e-17,1030.7041084812086,636.9632025327385,0.33076601826628854,0.20440956871158003,0.8286819652354938,0.4933062096436818,0.0492239718635877,4.608035282585662,4.608035282585662,2.9516783356342198,0.6405502897924804,1.34187793574569,-1.4559643188819031,860,2.5475450777650472,0.6786819652354937,0.98956298828125,0.89398193359375,36605.74609375,0.3656327426433563,0.03343747928738594,0.47007548577645114,14941.50409823458,17207.46387058746,0.09552568197250366,36605.74609375,0.989990234375,0.898345947265625,18585.4375,0.44685083627700806,0.05087326839566231,0.4622052821560777,7577.550218435852,8590.287383923342,0.13755512237548828,18585.4375,0.989898681640625,0.89801025390625,15301.9599609375,0.6674350500106812,0.06336116790771484,0.46016367135003716,6211.179802555052,7041.406076577446,0.16711176931858063,15301.9599609375,0.5545074037031645
0.23917855476445976,1.9675878724472322,0.0007146069997470853,0.0003631893699661182,30148.412109375,34.673954010009766,0.43103834986686707,5.563614805643086e-16,3.887363214558513e-17,1.5764963207236348e-17,1015.10849089365,732.8304201868086,0.38442006866383316,0.27752178508442116,0.23917855476445976,3.2290582855542502,0.17693852384885153,17.118250812845336,4.885843924687899,17.118250812845336,3.5036425798105753,7.130625559941663,-0.3908063953833558,861,1.329276563898599,0.08917855476445977,0.989410400390625,0.88616943359375,23426.50390625,7.254364013671875,0.2515467405319214,0.4946047925902108,9752.003267261112,11586.861106321789,0.6131049394607544,23426.50390625,0.99041748046875,0.897247314453125,86879.46875,0.9224177002906799,0.1435813307762146,0.5077687225403092,37881.746809964716,44114.67686775176,0.33901160955429077,86879.46875,0.991546630859375,0.911407470703125,46511.75,1.5103931427001953,0.13568750023841858,0.5466316228003517,22435.57486027157,25424.79338083882,0.3021625280380249,46511.75,0.8433224218047747
0.7171198730290675,1.8246547956870378,0.0005989755889683075,0.00032826789504738894,14077.9052734375,23.792964935302734,0.5456410050392151,4.583626476415267e-16,8.237010609213386e-17,2.036077594361629e-17,1024.8473887623516,534.5742079159088,0.31555095883557904,0.16459563221441847,0.7171198730290675,0.638346254825592,0.17794612795114517,6.511658611894798,4.914028141702016,6.511658611894798,1.3251162639128533,3.0362605237359395,-2.389938925516849,862,0.771135316867168,0.5671198730290675,0.986846923828125,0.866455078125,28388.55078125,0.4420868754386902,0.04736722260713577,0.5669676712068654,13086.634894840088,16095.390527077117,0.10132627934217453,28388.55078125,0.98614501953125,0.858245849609375,32378.099609375,0.522306501865387,0.036909475922584534,0.5651573149297847,14759.108818489658,18298.719837293193,0.0860818400979042,32378.099609375,0.996368408203125,0.96380615234375,1331.233642578125,0.950645387172699,0.4495616853237152,0.6091047464264491,704.3606644672223,810.8607304997333,0.8925902247428894,1331.233642578125,0.04381461324659442
0.6425002955268888,1.2645604570550035,0.0005059653662988497,0.0004001116462847313,7576.03173828125,10.436467170715332,0.13485030829906464,7.163455134069237e-16,9.778799818247666e-17,2.9110984495451216e-17,1043.3177934099044,549.8116588787668,0.3391647711628948,0.1787343670779748,0.6425002955268888,0.7944117387135824,0.03017041025062402,5.97227317908587,4.986570829639173,5.97227317908587,1.197671382423344,2.8466688162621954,-3.108075205039431,863,2.2685530245856413,0.4925002955268888,0.97821044921875,0.794952392578125,14743.2197265625,0.834976077079773,0.02458900958299637,0.2926802067662753,3263.2609613319137,4315.048595995993,0.11432474851608276,14743.2197265625,0.982513427734375,0.637420654296875,39916.54296875,0.7144142389297485,0.026803115382790565,0.2871334280062974,8000.829932817733,11461.373816855501,0.1253867745399475,39916.54296875,0.980133056640625,0.80389404296875,15983.234375,0.8338449001312256,0.03911910578608513,0.29482946752058703,3607.580863878907,4712.328480870821,0.15987691283226013,15983.234375,0.5848263361147262
0.8461350504811938,1.6298936913967763,0.0005921549358190337,0.0003633089317080382,8253.9453125,17.533206939697266,0.1239885464310646,2.8958672998176906e-16,6.25535063004338e-17,1.539707701233471e-17,1022.6535138718787,515.2118319730932,0.5123934321164925,0.25814330589078927,0.8461350504811938,0.49344031016031903,0.04839302599430084,4.980039580106191,4.980039580106191,2.7830294822576183,0.5588368199672571,1.1744704203752634,1.8038260828690422,864,2.579487583589864,0.6961350504811937,0.986480712890625,0.748443603515625,19337.1640625,0.538703203201294,0.047836530953645706,0.470744823618262,6740.7924884203485,9102.869885499042,0.12908871471881866,19337.1640625,0.986175537109375,0.860687255859375,17416.935546875,0.39513635635375977,0.05466390401124954,0.5062221340499488,7197.885301954984,8816.838279014122,0.13097527623176575,17416.935546875,0.983154296875,0.8118896484375,13465.7490234375,0.5464813709259033,0.04267864301800728,0.4913908566413819,5248.697224621088,6616.945946577252,0.1108967661857605,13465.7490234375,0.732748137843254
0.3779976779274685,1.6929862841637044,0.000639146178451155,0.00037752590462767884,23037.447265625,41.43391799926758,0.5368514060974121,5.797570435728855e-16,5.468708321827685e-17,1.8258446387153763e-17,956.6355147237374,539.6858928926165,0.38052604698351045,0.21467375638306704,0.3779976779274685,1.028967301050822,0.18374339366952577,9.90483696662495,4.796924871240041,9.90483696662495,2.0648305388331996,6.167559508663554,-0.11393356966473611,865,1.9584288791234983,0.22799767792746853,0.98980712890625,0.897125244140625,5413.853515625,1.4716663360595703,0.40649673342704773,0.5704911324246172,2595.915604090056,3088.555422167013,0.8995883464813232,5413.853515625,0.982879638671875,0.82135009765625,62412.171875,0.6684789657592773,0.05810858681797981,0.5740233469060683,29108.84790743941,35826.043782424866,0.13258445262908936,62412.171875,0.987579345703125,0.872772216796875,30499.740234375,0.9467566013336182,0.0866248607635498,0.567063966206757,14126.092331937005,17295.303663583447,0.19533802568912506,30499.740234375,0.8993521309473845
0.5337432884822841,1.664866849749036,0.0005900308400786152,0.0003544012184323072,11106.744140625,14.810629844665527,0.20277729630470276,2.7969503442298917e-16,6.01273786273954e-17,1.630036647783936e-17,1010.0600015097839,689.5757372718351,0.4890510171797907,0.3338788935619767,0.5337432884822841,0.9221410950024923,0.05909353246291479,7.366964032026277,4.903171628723813,7.366964032026277,1.5024895291996407,2.7397386058618585,1.71502617046455,866,1.0077753732892543,0.3837432884822841,0.989288330078125,0.772186279296875,38610.11328125,0.582828164100647,0.054033465683460236,0.35480708913927456,10459.29017223758,13699.141905121507,0.19752220809459686,38610.11328125,0.988922119140625,0.889068603515625,13426.51171875,1.2136461734771729,0.08793659508228302,0.4534356741739165,5272.677098281675,6088.059391284923,0.24882209300994873,13426.51171875,0.986846923828125,0.86810302734375,29726.6796875,0.969948947429657,0.0353105366230011,0.4055633144127363,10169.411391735275,12056.050744037764,0.12936848402023315,29726.6796875,1.142529120114919
0.9042048420184411,2.187594505676894,0.0007138561049322776,0.00032632012152151275,14621.529296875,20.929786682128906,0.14341872930526733,9.082783037596222e-17,3.010578677466065e-17,8.208583124911887e-18,938.19381252682,570.3504980959502,0.36508600733681656,0.2219445314519835,0.9042048420184411,0.43712709347407025,0.06393411134680112,4.976894638009562,4.976894638009562,1.9563014406185981,0.39307672412389927,0.9019060376785356,1.9548251806315644,867,2.700310598645981,0.7542048420184411,0.992279052734375,0.91864013671875,32913.765625,0.3397065997123718,0.07458899170160294,0.5776214282395554,16842.865717370027,19011.696314587283,0.16487661004066467,32913.765625,0.992401123046875,0.920318603515625,23350.48828125,0.33896970748901367,0.05570455640554428,0.5924285238896422,12250.085998122693,13833.495306129142,0.1276751458644867,23350.48828125,0.99200439453125,0.919586181640625,16050.7509765625,0.6327049732208252,0.06150878593325615,0.586295501048086,8337.028509039159,9410.483087199409,0.13603541254997253,16050.7509765625,0.570548789407462
0.621923815406519,1.2682610531891831,0.00046346676896138084,0.0003654348351989066,13901.873046875,29.165864944458008,0.13598476350307465,4.600002251821034e-16,9.08230894625251e-17,2.202446959331388e-17,1019.331083875288,499.85128955747587,0.3306463903217255,0.1621396886686718,0.621923815406519,1.5055752793947856,0.06783230726917584,5.584309185465646,4.962143397746608,5.584309185465646,1.125382468390892,2.8313665016495815,3.0004970523689645,868,0.8995992770717967,0.47192381540651895,0.989654541015625,0.897003173828125,12262.4638671875,2.4223058223724365,0.07952018827199936,0.6116258518800785,6326.368483811394,7500.039909869951,0.1574697494506836,12262.4638671875,0.9906005859375,0.906890869140625,31311.115234375,0.7214809060096741,0.05305593088269234,0.6080047986256524,16274.27249112528,19037.30831075235,0.1073005273938179,31311.115234375,0.99005126953125,0.8995361328125,20814.8828125,1.372939109802246,0.07092080265283585,0.6098121499534198,10734.813719773705,12693.16844118837,0.13815417885780334,20814.8828125,0.9553900892090639
0.546597332304016,1.5148094179016476,0.0004735345014618004,0.00031260335185778846,9246.44921875,15.602502822875977,0.28916436433792114,2.0003263260378277e-16,2.364111637002082e-17,1.28561041424902e-17,974.3431313934898,486.1635598196764,0.2521918587997589,0.125835024521887,0.546597332304016,0.6821831464767456,0.08373926642040412,7.289192313628199,4.841712482696318,7.289192313628199,1.5054987960724375,4.014497619337133,1.737722934753462,869,0.9925008966533113,0.39659733230401595,0.9718017578125,0.68017578125,39112.5078125,0.7762488126754761,0.029078533872961998,0.34912701561294845,9202.823245125088,13655.233123403043,0.11374230682849884,39112.5078125,0.991241455078125,0.910491943359375,6283.06298828125,0.61687171459198,0.1771751046180725,0.5298123430787646,2934.4414872855286,3328.844324267893,0.38642603158950806,6283.06298828125,0.983001708984375,0.8175048828125,19375.529296875,0.6534289121627808,0.04496416077017784,0.3962468845430862,5909.273186413395,7677.493121170618,0.144954115152359,19375.529296875,0.8536308258752658
0.7910272455782549,1.5125394747144263,0.0006896818574805634,0.0004559761044324335,14283.6171875,22.649625778198242,0.36062321066856384,5.348140633128722e-16,1.0075142472555005e-16,3.1144104782768186e-17,1034.9381396882839,564.3442047541832,0.3732913428402848,0.2035530414216568,0.7910272455782549,1.6080854137738545,0.1104769092053175,4.902489872622345,4.902489872622345,4.493104376003644,0.9164943717875096,2.700580327957859,0.8860946210902565,870,2.4832826131217525,0.6410272455782549,0.98419189453125,0.830963134765625,34697.5078125,0.5436243414878845,0.03400782123208046,0.536599421573133,14722.699454241401,18618.662623524757,0.08142002671957016,34697.5078125,0.982330322265625,0.83026123046875,29860.494140625,0.7208813428878784,0.030941268429160118,0.5433463837229952,13055.932519950442,16224.591506074488,0.07930052280426025,29860.494140625,0.98492431640625,0.846466064453125,3623.022705078125,3.559750556945801,0.2664816379547119,0.4068883954954,1214.8362676922657,1474.1658951388158,0.7519258260726929,3623.022705078125,0.11224085614386796
0.8786831267895989,1.3160926305245624,0.0006251614513187217,0.0004750132603276926,10436.9423828125,16.114505767822266,0.1362917125225067,1.3849866829524242e-16,7.386399803701023e-17,1.4391887365029375e-17,1028.6138403693421,575.714566375998,0.42932915714349695,0.24029527878867535,0.8786831267895989,0.3455665012200673,0.06331360961000125,4.989429950472129,4.989429950472129,2.142542950088368,0.42941638049966574,0.8706668317076021,-1.3379168647131403,871,0.49769956360489587,0.7286831267895989,0.991180419921875,0.9061279296875,21872.578125,0.2597545087337494,0.05987389758229256,0.5605423527624264,10520.53860077438,12260.506404011692,0.12767666578292847,21872.578125,0.990570068359375,0.901031494140625,19992.595703125,0.40713560581207275,0.0630120187997818,0.5525871873256938,9388.587537663305,11047.652229934525,0.13747137784957886,19992.595703125,0.990081787109375,0.9019775390625,13311.6767578125,0.3698093891143799,0.06705491244792938,0.5541676179523333,6282.080788235266,7376.900199324743,0.1434609740972519,13311.6767578125,0.6359308007396698
0.5572213627424389,1.6510486482684146,0.0006612455575191367,0.0004005003475897802,7965.00732421875,18.46419906616211,0.2758217751979828,2.2809292804076335e-16,6.165784955280744e-17,1.931089312999186e-17,1002.3145393654999,456.15621583481305,0.36931296619153675,0.16807538801472988,0.5572213627424389,1.1125359137852986,0.10193625837564468,5.829025898669797,4.922456335422164,5.829025898669797,1.184170158447913,2.15545978634471,-1.0283855560921036,872,0.9797605869096403,0.4072213627424389,0.981201171875,0.827178955078125,16168.2197265625,0.9288852214813232,0.050657421350479126,0.5396289946098166,7057.819933942491,8724.840154974878,0.11933798342943192,16168.2197265625,0.99224853515625,0.922210693359375,6534.0361328125,1.2069883346557617,0.2075122594833374,0.6302938478466931,3653.8508366292617,4118.362775593774,0.3949051797389984,6534.0361328125,0.98187255859375,0.8106689453125,20332.763671875,1.201734185218811,0.04763909429311752,0.484983196497933,7530.992408822483,9861.048719572349,0.13314716517925262,20332.763671875,1.7912549129762796
0.895506426876801,2.1452694054668875,0.000701023837694737,0.00032677659780551855,6693.08154296875,9.56106185913086,0.15001259744167328,9.427460838196319e-17,3.001303745988826e-17,1.0937204894992865e-17,956.7716165936826,567.2213751895075,0.5814545707828109,0.34471493042807777,0.895506426876801,4.2914404074351,0.03601119543115298,4.815307043341391,4.815307043341391,1.4943079275011455,0.31032453674319177,0.6131020165803296,-1.02021777862601,873,2.680364143770901,0.745506426876801,0.974456787109375,0.766754150390625,20452.412109375,0.5057680606842041,0.03316466882824898,0.3205229760626228,5169.939640862096,6555.4679975189365,0.12834039330482483,20452.412109375,0.974609375,0.76959228515625,25847.990234375,7.446353912353516,0.030787542462348938,0.316375305942101,6214.969201221169,8177.66582052207,0.12608927488327026,25847.990234375,0.9742431640625,0.753631591796875,16262.8232421875,4.922199249267578,0.04408137500286102,0.3046305896180925,3706.4870373444155,4954.153432825106,0.1905427873134613,16262.8232421875,0.7024916596381494
0.5553356906161823,1.339448726373065,0.0006906821383457533,0.0005156465676860733,15222.630859375,26.57101821899414,0.2887113094329834,1.999557269596909e-16,3.2574168212443906e-17,1.0346129252387961e-17,1045.263054987001,554.0215847872088,0.5927761315793267,0.3141895911031637,0.5553356906161823,1.0929684241612752,0.12444569170475006,6.901542803476012,4.904363732975444,6.901542803476012,1.4072249081103316,3.483062895620617,1.730202672699848,874,2.1595628941676273,0.40533569061618224,0.987335205078125,0.85955810546875,37638.64453125,1.0074156522750854,0.11016306281089783,0.5166072144213003,16096.593027955887,19444.395310548858,0.2527525722980499,37638.64453125,0.988128662109375,0.883209228515625,14650.337890625,0.9653270244598389,0.1079094409942627,0.5278272985142375,6468.259513529884,7732.848272533731,0.24508513510227203,14650.337890625,0.98809814453125,0.879119873046875,30607.833984375,1.3061625957489014,0.15526457130908966,0.5240716689756216,13372.760550143983,16040.698638653483,0.354818731546402,30607.833984375,1.1707182877427833
0.24214588678673452,1.5256162889203098,0.0006178956706450367,0.0004050138131930449,34954.9921875,44.85694885253906,0.7053815722465515,6.489678396048772e-16,4.038568174489795e-17,1.2476823502138445e-17,1033.4001143659407,624.5618577377451,0.414134116490452,0.2502925725981333,0.24214588678673452,1.501856009165446,0.1313170144955317,25.61878487289923,4.986369237448939,25.61878487289923,5.137763300899469,13.954982643143783,0.7321420946145158,875,1.8153732770902467,0.09214588678673452,0.97760009765625,0.76727294921875,114579.8046875,0.6923907995223999,0.04079759120941162,0.35689417531131395,30315.16195890124,40892.864906714596,0.14397834241390228,114579.8046875,0.9779052734375,0.768890380859375,124416.25,0.886827826499939,0.055443182587623596,0.35808303389933,33108.841426978106,44551.348267915055,0.19808679819107056,124416.25,0.9892578125,0.787109375,8253.4951171875,2.926349401473999,0.29771026968955994,0.35335257282065663,2201.4993036877404,2916.3937349275466,1.206101655960083,8253.4951171875,0.06906804489286973
0.40500619506568625,2.116376386361879,0.0006727743294034829,0.00031788973536980543,13142.033203125,35.05364990234375,0.4598774313926697,6.101765109648759e-16,7.9700027750775e-17,2.2434785462167593e-17,867.6700641110046,397.803396474622,0.5326269572162807,0.2441951398330978,0.40500619506568625,1.4315086603164673,0.21387564639250436,11.214547325429931,4.96443628247824,11.214547325429931,2.258976988990912,5.9889687031910075,-3.0773709477286966,876,1.1538107205414574,0.2550061950656862,0.988250732421875,0.881134033203125,6294.0078125,1.6189401149749756,0.2799808382987976,0.5562942979073959,2952.7363694252444,3501.3206571578066,0.6050042510032654,6294.0078125,0.990875244140625,0.9095458984375,38179.078125,1.3951958417892456,0.17956647276878357,0.5751906887527756,19081.505548602072,21960.250243387312,0.352958083152771,38179.078125,0.984039306640625,0.83575439453125,8690.5068359375,1.2803900241851807,0.18207962810993195,0.5593218406905801,4079.7475223302945,4860.790278585635,0.3879719078540802,8690.5068359375,0.3908209494682089
0.9974478981100595,1.6185368684738828,0.0007189313148711195,0.0004441859366163215,8420.2529296875,14.755708694458008,0.24035416543483734,6.691507679927704e-17,1.467821156016453e-17,4.160919942208767e-18,924.1162123065254,578.8058101324978,0.6486029206917975,0.40624234697529193,0.9974478981100595,1.452423334121704,0.06747434288263321,4.535938036830446,4.535938036830446,0.4334631617015363,0.09556196715694669,0.23674263724414524,-2.063567591625204,877,0.0714589136030443,0.8474478981100595,0.979766845703125,0.68994140625,24682.978515625,1.4646008014678955,0.03127550706267357,0.3904130051577113,7012.83502881667,9636.555817860224,0.11385305970907211,24682.978515625,0.971038818359375,0.726318359375,26651.083984375,1.3232390880584717,0.034713055938482285,0.41050059511415465,8209.19804508956,10940.285836413435,0.11609411984682083,26651.083984375,0.983551025390625,0.829559326171875,850.4378051757812,1.5694301128387451,0.13643446564674377,0.4537687106312227,307.31353466500207,385.9020661879331,0.35663312673568726,850.4378051757812,0.033133469815516015
0.5685709256731275,1.5399881680409824,0.0006065168933230909,0.00039384516446943913,7092.326171875,15.460404396057129,0.29285934567451477,5.091688125981746e-16,8.142831437899484e-17,2.23330566238938e-17,1047.4105529198675,444.1477965637608,0.3901723666574778,0.16545011547563093,0.5685709256731275,1.084399123986562,0.11170065651337306,4.975698455281935,4.975698455281935,3.857347398238564,0.7752373727840783,1.5343952407287338,2.2986511353757617,878,0.9660287094611324,0.4185709256731275,0.99237060546875,0.924560546875,9958.9228515625,0.7794291973114014,0.20500525832176208,0.6418430744718858,5647.236586916719,6392.065662295745,0.3682144582271576,9958.9228515625,0.986053466796875,0.779937744140625,10188.82421875,0.9535669684410095,0.06883300095796585,0.4225765688987928,3135.436118542217,4305.558379524035,0.21639668941497803,10188.82421875,0.987060546875,0.8692626953125,20471.275390625,1.5202012062072754,0.061263710260391235,0.46728525812301475,7838.666781572086,9565.925205798954,0.15370900928974152,20471.275390625,2.0321155828672492
0.9792436308510379,1.391558519691328,0.0005402570833599713,0.00038823885285098163,10987.515625,22.712989807128906,0.15820078551769257,1.0599481464476597e-16,1.508956174589877e-17,5.125165535221392e-18,998.9848470778282,496.82602590818385,0.37979448263495924,0.18888352913593398,0.9792436308510379,0.6447251240412394,0.06535301730036736,4.9648257527849875,4.9648257527849875,1.0409443910020189,0.20966383168998584,0.5590998646840755,1.535904993163073,879,2.937491826854324,0.8292436308510379,0.986907958984375,0.86358642578125,22736.134765625,0.7709156274795532,0.060920070856809616,0.5280406899670224,9578.777474210057,12005.60428901176,0.1491020917892456,22736.134765625,0.985931396484375,0.85711669921875,27568.7109375,0.4052467346191406,0.05802539736032486,0.5251252222482311,11450.725174736972,14477.025460396153,0.14496023952960968,27568.7109375,0.98590087890625,0.85687255859375,5538.63818359375,0.7580130100250244,0.07711358368396759,0.5250777812396747,2299.8695779416116,2908.2158485426435,0.17852149903774261,5538.63818359375,0.220202968766871
0.940137534036342,1.5287994267551777,0.0007865744046217668,0.000514504643876825,10106.9912109375,12.345529556274414,0.2389386147260666,1.513469736124938e-16,3.40796926564948e-17,7.862744293526996e-18,1038.9768457047887,586.6350246953216,0.7683110354937419,0.43380963218175983,0.940137534036342,0.8299387693405151,0.06988854954640071,4.980590203452639,4.980590203452639,1.2954195262348938,0.26009357793317034,0.5892470635942725,2.725281872369689,880,2.7938299758428333,0.790137534036342,0.987091064453125,0.871734619140625,32122.76171875,0.6032595634460449,0.06665033847093582,0.39630417166491444,10954.106803401777,12730.384474659022,0.225540891289711,32122.76171875,0.986572265625,0.850341796875,27072.208984375,0.8411989212036133,0.0557485967874527,0.39024532899747455,8898.93966508766,10564.803101984022,0.1879110485315323,27072.208984375,0.986846923828125,0.868438720703125,14616.8955078125,1.0453578233718872,0.0872667133808136,0.3916726617913025,4907.559609637148,5725.038369982726,0.2916939854621887,14616.8955078125,0.49385599263556523
0.4213612616065256,2.002079257040783,0.000775276815474793,0.00038723582632822827,9063.3876953125,14.571280479431152,0.4070040285587311,3.8298586753844454e-16,5.710734603286693e-17,1.7715888542506522e-17,1033.7937071926951,580.0694252873435,0.5928422887482296,0.33264826756787297,0.4213612616065256,2.5785146752993264,0.13542291522026062,5.799350461913796,4.796197602567844,5.799350461913796,1.2091558652230825,2.9466674892339872,-0.9606905182203445,881,2.0057421413667633,0.27136126160652563,0.98028564453125,0.837860107421875,21121.736328125,0.9734668731689453,0.1284644901752472,0.47769235883171496,8065.483826516378,10089.692052266588,0.33694037795066833,21121.736328125,0.954376220703125,0.72393798828125,7775.7587890625,5.982765197753906,0.19219762086868286,0.3178287435980219,2036.0536901290764,2471.3596468004157,0.7291965484619141,7775.7587890625,0.986053466796875,0.858245849609375,24913.14453125,0.7793119549751282,0.0856066346168518,0.47242868602950006,9534.150315856125,11769.684138151162,0.23077793419361115,24913.14453125,1.7242424943906152
0.9384067679938666,1.2654719923169735,0.000644620688692418,0.0005093915097339858,9583.75390625,12.155302047729492,0.13099829852581024,6.499903389037328e-17,2.5829869238901135e-17,6.3745609025388164e-18,1003.2839849950626,623.9506944308908,0.6063655475755988,0.3771038012638307,0.9384067679938666,0.7464244961738586,0.036504690845807396,4.976162996671576,4.976162996671576,1.1899516430997332,0.23913035885192274,0.40566352418629037,2.158131344062605,882,0.35280622206726836,0.7884067679938666,0.967498779296875,0.757110595703125,21536.63671875,0.8141703009605408,0.03294230252504349,0.35914101970629403,5809.7617044175195,7734.68967001338,0.12146499752998352,21536.63671875,0.98248291015625,0.81585693359375,35342.171875,0.44659000635147095,0.03646659106016159,0.3835238535594209,10886.250939500314,13554.565949995804,0.12912458181381226,35342.171875,0.9798583984375,0.7877197265625,15219.3974609375,0.9785131812095642,0.0401051789522171,0.3716484104013841,4440.471889224215,5656.264872912076,0.14116346836090088,15219.3974609375,0.5351517669661544
0.9886574731553426,1.7072177651162317,0.0007448043516190426,0.0004362679248293404,8975.650390625,13.823478698730469,0.1406126469373703,3.727182312317697e-17,1.0514636635466334e-17,4.606795036952874e-18,1016.8422141884945,541.76133967096,0.6811232071380071,0.3628942780218444,0.9886574731553426,0.5742585559686025,0.052394493172566094,4.895740267357864,4.895740267357864,0.5673468809372377,0.11588582113311821,0.22317044450736767,-0.40733216032205766,883,2.99083434310496,0.8386574731553426,0.98760986328125,0.872802734375,25826.6171875,0.4973003566265106,0.04806177318096161,0.45154802628657575,9699.867504902317,11661.958016979443,0.13437624275684357,25826.6171875,0.98797607421875,0.882720947265625,21071.462890625,0.2925434708595276,0.05046319589018822,0.47629440642232423,8492.829435880241,10036.219909463896,0.13096556067466736,21071.462890625,0.988677978515625,0.87615966796875,4870.08935546875,0.9329318404197693,0.05865851044654846,0.4572983609819758,1861.7003002089998,2227.0838795273967,0.15584003925323486,4870.08935546875,0.2076882186799941
0.6276755581163719,1.5330455933998195,0.0006879548959692365,0.00044875044743031154,7828.92529296875,16.716243743896484,0.18904772400856018,2.323343485473165e-16,4.227623396060121e-17,1.8214056092341222e-17,774.1735179545979,426.5746647519521,0.3342977815407934,0.18420026102784925,0.6276755581163719,0.9396733641624451,0.06832190106312434,4.98691009330918,4.98691009330918,3.326728115872749,0.667092057732531,1.3731404000999476,-0.6649641184193071,884,2.249360039635952,0.47767555811637186,0.984161376953125,0.841400146484375,14242.79296875,0.6560288071632385,0.08996313065290451,0.45690845537079594,5073.124972284821,6507.652533925246,0.232738196849823,14242.79296875,0.977783203125,0.76251220703125,12397.208984375,1.4716720581054688,0.05139303207397461,0.4499110409952768,4092.996838341308,5577.641200303702,0.14448952674865723,12397.208984375,0.982513427734375,0.82171630859375,23381.029296875,0.6913192272186279,0.0636095404624939,0.4494211489695822,7977.6145989532615,10507.929052453695,0.17772506177425385,23381.029296875,1.7553324011023426
0.9282605637818147,1.9251422244527305,0.0007952028826087175,0.00041306188836763666,4012.92578125,5.937936782836914,0.26755332946777344,3.130777624928827e-16,7.183835245468554e-17,1.5848619637346375e-17,908.9418928482,494.34637581692897,0.6709404356910411,0.364904484414924,0.9282605637818147,2.566086232662201,0.05026391645272573,4.9079162899166136,4.9079162899166136,2.099764998543834,0.42783227636906357,0.9318482000611576,-2.9641170073451097,885,2.7605047591120306,0.7782605637818146,0.959747314453125,0.591033935546875,16702.501953125,0.8913164734840393,0.033574435859918594,0.2624454734913917,3005.190080764197,4383.496036245825,0.17740516364574432,16702.501953125,0.96917724609375,0.48974609375,20307.486328125,1.1454660892486572,0.03572160378098488,0.25625506497360606,3511.0456780051513,5203.896229984373,0.20342329144477844,20307.486328125,0.96795654296875,0.661773681640625,5165.22216796875,5.661476135253906,0.08149570971727371,0.27483012579785193,1027.9558414714866,1419.5586580976158,0.36663633584976196,5165.22216796875,0.27912584725597195
0.653325073958566,2.0549499640151985,0.0006645771234971244,0.00032340306826673135,11820.40234375,20.191457748413086,0.2247675210237503,3.4887908746980154e-16,6.059631142147026e-17,1.6094262109518868e-17,910.6851488644245,518.7417394838338,0.33468804671220864,0.19064400001738077,0.653325073958566,1.0946394205093384,0.09502944846947987,4.786587453643516,4.786587453643516,3.4102318523023394,0.7124557704897871,1.1388724595283692,2.3897664074752845,886,2.2827644721062694,0.503325073958566,0.990447998046875,0.90362548828125,11447.892578125,0.9207398295402527,0.14986111223697662,0.5555244448432878,5442.695422815378,6359.58416881888,0.33493420481681824,11447.892578125,0.99151611328125,0.9156494140625,20957.0625,1.7950353622436523,0.07059311866760254,0.5870284203835577,10776.270363671705,12302.391294431329,0.15275098383426666,20957.0625,0.991180419921875,0.9117431640625,26270.845703125,0.5681430697441101,0.06463411450386047,0.5739776256210333,13114.550997334485,15078.877645281069,0.14559844136238098,26270.845703125,1.6214091727508158
0.3594071324030407,1.2590884161158815,0.00046472270931653377,0.0003690945793545944,11633.7451171875,23.696796417236328,0.4852202832698822,1.1359118642661746e-15,9.29656294875035e-17,2.3208702074714435e-17,1007.1099471372422,530.3340980911837,0.2996410978593193,0.15778802685444931,0.3594071324030407,0.9356296062469482,0.11724012717604637,15.715075720742398,4.959538615292191,15.715075720742398,3.168656792445711,9.188314057381122,-2.385527183863265,887,1.9384288233697877,0.20940713240304068,0.98699951171875,0.68585205078125,57647.234375,0.733784556388855,0.03789140284061432,0.23918645107473946,10380.098771965804,13788.437405551265,0.20645305514335632,57647.234375,0.98590087890625,0.692413330078125,61709.7109375,0.8379606008529663,0.0387285090982914,0.2309019926555255,10830.644282049554,14248.895216385854,0.21545563638210297,61709.7109375,0.99176025390625,0.914154052734375,6106.44921875,1.2351436614990234,0.2751004695892334,0.5877189524600992,3151.699156913113,3588.875938587632,0.5445640087127686,6106.44921875,0.10232247822298254
0.7651234903081142,1.5183583196845574,0.0006838942724999224,0.000450416916503611,15405.0302734375,24.819580078125,0.30004751682281494,6.673388965356462e-16,9.16004104066377e-17,2.742767026957016e-17,1029.485272266816,581.3623450119658,0.3547859123262925,0.2003517442391988,0.7651234903081142,0.928365558385849,0.11005088438590367,5.148071647668953,4.95422727794584,5.148071647668953,1.0391270643932764,2.831295356327152,0.4191471459836458,888,2.4420294251848578,0.6151234903081142,0.990325927734375,0.9010009765625,24619.9140625,0.4608714282512665,0.03710780292749405,0.5797140837614156,12078.645733359424,14272.51092131009,0.08422426879405975,24619.9140625,0.9903564453125,0.904998779296875,38391.09765625,0.47164207696914673,0.03913860023021698,0.5804284749062866,19004.7362017033,22283.286261398156,0.08632455766201019,38391.09765625,0.988861083984375,0.8873291015625,5804.271484375,1.8525831699371338,0.25390625,0.5891983122125772,2856.2596979285395,3419.866961837005,0.5004512071609497,5804.271484375,0.1842303853263743
0.8763863915816669,1.4444950068294773,0.0004357350157851859,0.00030165214398461705,13795.2041015625,20.943334579467773,0.10029536485671997,1.6593750698983995e-16,8.472571213548793e-17,1.661786957592575e-17,1003.9758272529295,595.9291046231313,0.3058630310519187,0.1815508673459001,0.8763863915816669,0.33888254563013714,0.04972147444883982,4.82237120343827,4.82237120343827,2.1829288726452445,0.45266711759742856,0.8734823941749102,1.8139779468449868,889,2.6391033151166576,0.7263863915816668,0.991180419921875,0.9111328125,24747.29296875,0.25104665756225586,0.05742746591567993,0.6221456567537711,13338.02568601619,15396.420837033664,0.1138591468334198,24747.29296875,0.990447998046875,0.90234375,24898.814453125,0.4191933274269104,0.04571705311536789,0.6105327504290375,13026.301095489436,15201.541674391188,0.09264456480741501,24898.814453125,0.990692138671875,0.9039306640625,16549.416015625,0.3464076519012451,0.04601990431547165,0.6126112807169478,8704.447204931035,10138.358937733525,0.0923549011349678,16549.416015625,0.6666954117870284
0.23401962405273716,2.269978068396715,0.0007677602453535001,0.0003382236401498667,23608.50390625,41.476768493652344,0.38131770491600037,4.398981173934402e-16,3.451860034562688e-17,1.1008852174818182e-17,954.4836755689803,455.2836533325468,0.31130526209223586,0.14849095972491166,0.23401962405273716,1.5815506776173909,0.11704972386360168,19.46549454621568,4.943229048587839,19.46549454621568,3.937809548148796,10.703466081360771,-1.443004756027666,890,1.807006395633556,0.08401962405273716,0.97747802734375,0.7623291015625,94242.7265625,1.2522931098937988,0.08299325406551361,0.41403419254935714,28112.368509312237,39019.71117701731,0.32001993060112,94242.7265625,0.9869384765625,0.86285400390625,5864.79443359375,2.4727566242218018,0.17769864201545715,0.4424542322581208,1888.5167919597343,2594.9031182310455,0.5185977220535278,5864.79443359375,0.987884521484375,0.877593994140625,26268.845703125,1.0196022987365723,0.09045727550983429,0.45492830713823584,9964.139348639283,11950.441504156188,0.25328588485717773,26268.845703125,0.5248126302947812
0.8483006402306461,1.1280177746912292,0.0004901230165904004,0.00043449937366861176,12107.1533203125,23.26618766784668,0.14835822582244873,4.066650821834797e-16,8.57100036414606e-17,2.7056170272371014e-17,1044.8639598001248,543.4237716468417,0.4178540680762819,0.21732191214196592,0.8483006402306461,0.7104023993015289,0.05424969705442587,4.917536381018992,4.917536381018992,3.458160797070386,0.703230343230079,2.1520749432604984,1.1089845392609163,891,2.583564045692286,0.6983006402306461,0.984039306640625,0.834197998046875,27947.39453125,0.6519156694412231,0.021590925753116608,0.5753531513379051,12757.294770777557,16079.62151347873,0.054176174104213715,27947.39453125,0.98370361328125,0.826934814453125,22622.298828125,0.4063185155391693,0.026475312188267708,0.5806769703583864,10599.194130113927,13136.247948421513,0.06236197054386139,22622.298828125,0.990509033203125,0.904754638671875,4872.0859375,1.0729730129241943,0.11468285322189331,0.6031079963382892,2515.933721953611,2938.393987797044,0.2369985431432724,4872.0859375,0.19268797628952897
0.3478415910932516,1.6225655801873453,0.0007289385180896098,0.000449250573900036,12878.3671875,15.461859703063965,0.26192402839660645,6.067093866905843e-16,5.2734897133117774e-17,1.8717623546791568e-17,1011.9549800674313,554.9410938412242,0.5439746240353345,0.29830761133654576,0.3478415910932516,1.04874583085378,0.058964879562457405,13.705094261722936,4.854626790192331,13.705094261722936,2.823099458316953,6.786917364228323,-3.0680995314819843,892,1.9260642724877308,0.19784159109325158,0.97900390625,0.784210205078125,12621.1611328125,1.0873268842697144,0.06490760296583176,0.29635755515144174,2958.5278093044444,3740.376457792663,0.29634717106819153,12621.1611328125,0.983367919921875,0.832855224609375,64253.90234375,0.6808099746704102,0.05663807690143585,0.3289624283736801,17684.292388941583,21137.119747885856,0.23571380972862244,64253.90234375,0.974639892578125,0.73297119140625,21217.177734375,1.3781006336212158,0.0553489588201046,0.285870840091162,4547.666403798629,6065.372421692013,0.2553875148296356,21217.177734375,0.5519911600682749
0.9862008209874913,1.6932063019667591,0.0006775529970698311,0.0004001597420720755,8082.79150390625,15.146698951721191,0.1312423050403595,3.516714021319538e-17,9.740597866858736e-18,4.266400268871443e-18,1006.3789360084236,518.9503441403876,0.3971552358523439,0.20479745645332698,0.9862008209874913,0.9239780704180399,0.04646499827504158,4.95939544471846,4.95939544471846,0.6749083020836913,0.13608680929092662,0.2509867742922097,-1.0196088502743708,893,2.9752734872921565,0.8362008209874913,0.98699951171875,0.86541748046875,21245.556640625,0.7513601183891296,0.04615599662065506,0.46665586535703235,8142.017182998001,9914.363619011694,0.13295488059520721,21245.556640625,0.97735595703125,0.75140380859375,22452.02734375,0.7421889305114746,0.0451204888522625,0.42905838229343324,7020.716428617572,9633.23053195627,0.1257830560207367,22452.02734375,0.981689453125,0.81500244140625,5067.26025390625,1.2783851623535156,0.048118509352207184,0.4368794988604952,1697.7021281081174,2213.7821212309645,0.13439376652240753,5067.26025390625,0.23192404668039115
0.40998837007058975,1.4261351428760067,0.0004986962717454292,0.0003496837408688607,17695.283203125,31.055858612060547,0.4094366133213043,5.685665536261342e-16,7.491602855626817e-17,2.2960998648124417e-17,1007.7299418341911,511.06473183708374,0.41801384016642096,0.21199343421314346,0.40998837007058975,5.44219156106313,0.16502788414557776,7.476989728268745,4.893171396554086,7.476989728268745,1.5280457442251583,4.089952185340856,2.7248124762228043,894,1.1483550154914695,0.2599883700705897,0.988800048828125,0.8897705078125,7070.88818359375,14.441605567932129,0.29670652747154236,0.47498235943056616,2882.7359183459894,3358.547152364763,0.7518596053123474,7070.88818359375,0.989837646484375,0.9033203125,40859.40625,1.1973562240600586,0.10710178315639496,0.5811322664357601,20259.39527847952,23744.719358990853,0.21279673278331757,40859.40625,0.990692138671875,0.908050537109375,31706.630859375,0.6876128911972046,0.09127534180879593,0.6019579599166772,16410.23432849087,19086.05882434191,0.18462692201137543,31706.630859375,1.323030923722105
0.9909546694671861,1.5883779350248843,0.0007240467689614832,0.0004558403595238434,8097.82080078125,13.3778076171875,0.13296063244342804,7.61697104857105e-17,1.3976156304191733e-17,3.066194540004484e-18,1001.8307953569346,500.80822577159114,0.5997522680431059,0.29981197488957445,0.9909546694671861,1.4634844263394673,0.042651008193691574,4.8256967072877135,4.8256967072877135,0.4223823352778885,0.08752774177457348,0.17539887327284645,2.528762713702558,895,0.13460311924222354,0.8409546694671861,0.981781005859375,0.807037353515625,24643.169921875,0.5061668157577515,0.03012150339782238,0.4390467469009812,8599.635414584041,10819.503589752054,0.09648275375366211,24643.169921875,0.986663818359375,0.8642578125,20197.564453125,0.4349563717842102,0.041905589401721954,0.43290440868179225,7131.167233511616,8743.614694905671,0.11846625804901123,20197.564453125,0.935791015625,0.714385986328125,4279.5576171875,3.4493300914764404,0.05592593178153038,0.41875835427585273,1364.9511382426608,1792.1005047534418,0.17542357742786407,4279.5576171875,0.1908781235114417
0.2891312264254433,1.5086872228951729,0.000684644289390328,0.0004538013439767155,27938.05859375,34.367149353027344,0.3036213517189026,4.455566245775318e-16,4.463237891604732e-17,1.7797965462084292e-17,969.5431735271085,663.3597392022812,0.400748579400955,0.2741914753006811,0.2891312264254433,1.1229984561602275,0.13444636762142181,13.415018768513578,4.826463608150262,13.415018768513578,2.7794716499799472,6.607728307947122,2.828779047341804,896,1.864115505138152,0.13913122642544332,0.993011474609375,0.92938232421875,14383.2861328125,1.3452643156051636,0.17305400967597961,0.6555303180561747,8433.06757453399,9428.680133785305,0.33461013436317444,14383.2861328125,0.991302490234375,0.910858154296875,80005.109375,0.6434922814369202,0.121996209025383,0.5517318856230432,38715.68227525057,44141.369869541995,0.27116283774375916,80005.109375,0.986053466796875,0.8582763671875,36583.28515625,1.3802387714385986,0.10828888416290283,0.4767918642912582,14045.182422101165,17442.612735583163,0.28245723247528076,36583.28515625,0.7751648909684457
0.19611116193311684,1.8829540225293282,0.0007956258069356976,0.0004225412821641561,24758.4765625,34.35242462158203,0.7764153480529785,2.4676652981324083e-16,1.489208797995777e-17,7.184576910023593e-18,1020.3243745450835,507.29803285874294,0.4576495237155995,0.22754009304460263,0.19611116193311684,5.222382823626201,0.24780147274335226,22.998746379987715,4.687707189387216,22.998746379987715,4.906182372494589,10.248255351139674,-1.5391172634758792,897,1.768186814953413,0.046111161933116845,0.983978271484375,0.8377685546875,101374.1328125,1.4429104328155518,0.07464993000030518,0.4173457125759976,33196.422244400565,42308.05969211961,0.23434974253177643,101374.1328125,0.98260498046875,0.858917236328125,1116.68017578125,12.692964553833008,0.5360080003738403,0.6003079105816128,573.7075429681365,670.3519430839764,1.0282734632492065,1116.68017578125,0.9866943359375,0.701202392578125,17113.546875,1.5312734842300415,0.13274648785591125,0.40704646380077997,4851.604531060127,6966.008738933566,0.43612468242645264,17113.546875,0.3339527978367535
0.51261701909905,1.7516350331863884,0.0006924985821928802,0.00039534410369331354,9004.6025390625,12.045973777770996,0.3848903477191925,6.385455412963802e-16,1.0022747639286138e-16,2.8085112968264237e-17,1024.1895973518006,548.8586332541837,0.3635735408599482,0.19483743756013897,0.51261701909905,2.426381299893061,0.08376260598500569,8.678989218210855,4.7264552989688315,8.678989218210855,1.8362575480412024,5.147534311452761,-2.549968218559788,898,2.1090262992941318,0.36261701909905,0.984222412109375,0.838714599609375,30422.3984375,0.4707622826099396,0.0469992570579052,0.2949614301586853,7906.904360386381,8973.434151938873,0.19459274411201477,30422.3984375,0.982666015625,0.82220458984375,45520.80078125,0.4395905137062073,0.02408481016755104,0.276858580374852,10963.126604167377,12602.824283267832,0.12162919342517853,45520.80078125,0.963958740234375,0.7000732421875,4844.806640625,6.368791103363037,0.18020375072956085,0.4073544397449226,1503.0564538995632,1973.5534941485244,0.5172565579414368,4844.806640625,0.12759026984548844
0.7484529561180286,1.3482622826905557,0.0007704589286372464,0.0005714458815088556,9102.8798828125,14.03508186340332,0.16038137674331665,3.2615076231362554e-16,5.921890643741074e-17,1.8578752928982703e-17,1028.967581446633,575.5016776149953,0.5933564840923998,0.33186434458783,0.7484529561180286,0.8223315080006918,0.05345599974195162,4.768291623437925,4.768291623437925,2.5857502290835566,0.5422802196857326,1.2469583099891666,2.4133593584984565,899,2.4165225864393416,0.5984529561180286,0.98834228515625,0.884368896484375,21070.51953125,0.7209572792053223,0.05994980037212372,0.46332612501124554,8246.09005672445,9762.522165665989,0.16039931774139404,21070.51953125,0.9805908203125,0.79132080078125,18914.025390625,0.7867542505264282,0.046887896955013275,0.40152420384216353,5769.219193307104,7594.438986722474,0.1482599675655365,18914.025390625,0.97869873046875,0.7418212890625,25003.73046875,0.9592829942703247,0.05353030189871788,0.39105274827495357,7134.027702840072,9777.77751793727,0.17221587896347046,25003.73046875,1.2506697534061866
0.6036672113112752,1.1959041226235398,0.0005990237302512314,0.0005008961161009383,16337.83984375,26.67296028137207,0.5269959568977356,6.547132945036952e-16,7.372667626494069e-17,2.3450344722833114e-17,988.3238838437987,524.7275981114377,0.312683168990109,0.1660118620182854,0.6036672113112752,0.6392594973246256,0.15701115628083548,7.896238560112308,4.780396237509944,7.896238560112308,1.6517958277503315,4.689424313999469,0.8466690384009801,900,2.218889373059531,0.4536672113112752,0.987518310546875,0.870849609375,42216.15234375,0.35827547311782837,0.04181083291769028,0.493781676439405,16875.50675577082,20845.562481892663,0.11084826290607452,42216.15234375,0.98687744140625,0.866943359375,38783.1953125,0.5442779660224915,0.04551547020673752,0.49294610210137296,15411.430932788517,19118.0249606792,0.12301155924797058,38783.1953125,0.99749755859375,0.9471435546875,1563.11767578125,1.0152250528335571,0.3837071657180786,0.5498519744883422,753.705496371128,859.4833406159304,0.838355302810669,1563.11767578125,0.03859580900367012
0.8979682622121307,2.5127665390123783,0.0007743609487073507,0.00030817067032885067,6123.8017578125,6.61946439743042,0.29951968789100647,1.431267267904999e-16,3.024617957646573e-17,1.0895093760270323e-17,1046.2129961337102,580.2112924965984,0.7274858341785949,0.40345082471885396,0.8979682622121307,2.1891327102979026,0.048806545014182724,4.995147330638739,4.995147330638739,2.7749412679636816,0.5555274117628167,1.6483639675465316,-1.8932875308089592,901,2.685926915207221,0.7479682622121306,0.970855712890625,0.6778564453125,31060.529296875,0.6638807058334351,0.029808510094881058,0.24691018179730187,5668.954347578635,7669.160937188547,0.1786978840827942,31060.529296875,0.96380615234375,0.59814453125,29738.970703125,0.9445702433586121,0.03088977374136448,0.23582806330855682,4796.252032809905,7013.283863959859,0.19204148650169373,29738.970703125,0.9580078125,0.52740478515625,8998.5048828125,4.95894718170166,0.08572135120630264,0.2357586278018383,1399.5857253647139,2121.4751631664726,0.4538167417049408,8998.5048828125,0.2960058843514338
0.3216938364110379,1.6150179548899604,0.0007293585616242469,0.00045161018762416297,12550.2451171875,15.754690170288086,0.5520744323730469,7.164788352747346e-16,5.972184655992161e-17,1.5129824669285457e-17,1011.6020378673721,549.6845719464961,0.6763906894105409,0.36753734438994307,0.3216938364110379,1.8886160850524902,0.18509402001897493,10.894402550542651,4.973570497724452,10.894402550542651,2.190459058643513,3.2473850465670075,2.888759841428941,902,1.8983142009098128,0.1716938364110379,0.9818115234375,0.84222412109375,6642.6083984375,3.1746268272399902,0.30280670523643494,0.46126056358256395,2461.8805500845674,3063.973293761916,0.8027373552322388,6642.6083984375,0.990692138671875,0.908966064453125,34445.1796875,1.1436328887939453,0.19889166951179504,0.539711534402291,16282.572091108932,18590.46078092333,0.429688036441803,34445.1796875,0.981658935546875,0.8123779296875,28810.001953125,1.3475885391235352,0.05358368530869484,0.376301708058219,8491.934213844892,10841.25294578046,0.2041959911584854,28810.001953125,1.402363246854136
0.8524458218852158,1.2293706462630052,0.0005278961737997559,0.00042940359394820016,8394.2373046875,22.688106536865234,0.3931685984134674,4.70970179179517e-16,8.635051546294146e-17,2.1278753443502656e-17,1047.8489961662767,417.6842778909453,0.454851016577043,0.18130868006939158,0.8524458218852158,2.9503374298413596,0.13780579219261804,4.98364658054327,4.98364658054327,3.459692555698983,0.6942090494952072,2.0282950413676195,-2.329714463069961,903,0.550150549906102,0.7024458218852158,0.98797607421875,0.875640869140625,17759.115234375,0.37265586853027344,0.04300280660390854,0.6077633977091164,8921.98754504952,10793.34021307902,0.08930058032274246,17759.115234375,0.99566650390625,0.802520751953125,16980.115234375,0.40145212411880493,0.06017442047595978,0.5687633074287513,7671.663834241663,9657.66650221035,0.13382703065872192,16980.115234375,0.98822021484375,0.86968994140625,2513.56884765625,8.076904296875,0.31024014949798584,0.5068328837091748,1050.7915602228697,1273.9593474078872,0.7331477403640747,2513.56884765625,0.1447106809068413
0.994450965890257,1.663521541330477,0.0005740344076883731,0.000345071821089412,7698.20068359375,11.289042472839355,0.21528901159763336,1.629100759619135e-16,2.7302339246678264e-17,7.846410469922058e-18,1037.9564258265145,494.27061898610043,0.46940526988406894,0.2235288760953394,0.994450965890257,1.903543770313263,0.068814634035031,4.975788256141881,4.975788256141881,0.6741233922416535,0.1354807233626847,0.3910313173238918,0.6372797249037796,904,0.1053961449063182,0.844450965890257,0.983489990234375,0.672393798828125,25380.08984375,0.681560754776001,0.045850303024053574,0.4138042849531385,7769.126945685616,10502.389936103102,0.13332410156726837,25380.08984375,0.984893798828125,0.830963134765625,19662.3671875,0.6616250872612,0.03710883855819702,0.4172776304846026,6181.725124351391,8204.665989041947,0.11210456490516663,19662.3671875,0.93853759765625,0.609527587890625,923.55322265625,4.367445468902588,0.12348476052284241,0.44662266100619574,291.83121041330793,412.4797976947043,0.31680741906166077,923.55322265625,0.041008119162571355
0.1946133395039399,1.8818586817692529,0.0007650989357626113,0.00040656556370284613,31010.8828125,48.49591064453125,0.47155487537384033,3.1934972112590824e-16,2.0830696472462484e-17,9.008289905558938e-18,1019.4576242168202,477.26797914447434,0.4498933025471572,0.21062147384720356,0.1946133395039399,1.5932562748591106,0.1538305108745893,22.35012012966832,4.955189431954893,22.35012012966832,4.510447165861604,10.373302381212593,-0.10756145210728274,905,1.3749330895962337,0.04461333950393992,0.988922119140625,0.8857421875,6505.43359375,2.2890820503234863,0.30243822932243347,0.49358934418841144,2711.9974580709822,3211.0127010004976,0.7369353771209717,6505.43359375,0.98834228515625,0.877044677734375,108111.078125,0.9651068449020386,0.06664267927408218,0.48274054534735117,43481.91911420532,52189.600820113345,0.18724383413791656,108111.078125,0.985992431640625,0.85986328125,25917.31640625,1.5255799293518066,0.0924106240272522,0.4740671460859176,10056.10718233925,12286.548221375087,0.26252010464668274,25917.31640625,0.4522440269312473
0.9301179267279495,1.7148839149448425,0.0007676624650607552,0.0004476468980615789,6298.3759765625,17.580820083618164,0.1704922318458557,9.750463345158682e-17,3.237353446430565e-17,8.424664550004992e-18,834.630427644831,407.6879544945469,0.39324259099031184,0.19208533769056252,0.9301179267279495,1.1086595058441162,0.06681181490421295,4.978027917589844,4.978027917589844,1.4953356939070714,0.30038716509067936,0.6026990791374127,-1.3127797698448296,906,0.376062514887361,0.7801179267279494,0.99554443359375,0.957244873046875,11137.666015625,0.5583170056343079,0.10396218299865723,0.5721156615669207,5560.46933388574,6372.033161170342,0.21326972544193268,11137.666015625,0.9722900390625,0.654052734375,16605.23828125,0.7575811743736267,0.03230765461921692,0.4860715256501509,5749.517839597553,8071.333505313404,0.08641423285007477,16605.23828125,0.97698974609375,0.754241943359375,7461.7197265625,2.010080337524414,0.06416560709476471,0.4880034132096652,2636.2237090274966,3641.344695008544,0.1671345829963684,7461.7197265625,0.537919148385845
0.71573477530581,1.7462119236857965,0.0007351988613684651,0.00042102499209640756,13131.5810546875,17.460256576538086,0.1303528994321823,3.865202319612864e-16,8.102504526567278e-17,2.2139361807953912e-17,1042.8080433013197,666.8963668320272,0.5487333006622914,0.35092579782268496,0.71573477530581,0.629011889298757,0.050751060247421265,4.9958014730678295,4.9958014730678295,3.7586802443717113,0.7523678161821701,1.7142775107922428,2.8247044207826795,907,0.7731206610694868,0.56573477530581,0.989959716796875,0.89892578125,17348.45703125,0.8227942585945129,0.05830736458301544,0.5327971303799461,7911.22301256044,9243.208121573984,0.13950248062610626,17348.45703125,0.987579345703125,0.873565673828125,32033.52734375,0.4441225528717041,0.035957738757133484,0.4993501434128889,13054.633967199821,15995.946475958255,0.09487545490264893,32033.52734375,0.98931884765625,0.89324951171875,25799.890625,0.6201188564300537,0.05798807740211487,0.5142193074154793,11204.018235967913,13266.801888286134,0.14790639281272888,25799.890625,1.0449110521391436
0.4136302629640917,1.285102266547083,0.0005422153630784477,0.0004219239022395594,10275.1630859375,14.332378387451172,0.18239562213420868,3.1025406816634826e-16,2.8409110540556627e-17,1.4013555254633253e-17,966.7557728428941,497.74205500387745,0.3712778315494137,0.1911554045437495,0.4136302629640917,1.0079751412073772,0.050453477849562965,11.23240919748367,4.998748179119996,11.23240919748367,2.2470444189211145,5.655132937116603,1.5487474591423824,908,1.1443585088139956,0.26363026296409175,0.98028564453125,0.797698974609375,50401.6875,1.0775516033172607,0.03715630993247032,0.32746123268510097,12646.751179318446,16504.598725065913,0.14576733112335205,50401.6875,0.98333740234375,0.829925537109375,8263.6787109375,1.027584433555603,0.06920132040977478,0.36382529729591856,2446.71736071758,3006.5353632475394,0.22626109421253204,8263.6787109375,0.9837646484375,0.83380126953125,15748.1162109375,0.9187893867492676,0.04500280320644379,0.3772534813141437,4871.437733286446,5941.031663763051,0.16016292572021484,15748.1162109375,0.5368794990323078
0.5898015478262661,1.5237883241916361,0.0007260756334685067,0.0004764937635637069,15422.76953125,22.278871536254883,0.27026546001434326,1.0620232647314071e-15,1.1932753778954268e-16,2.88206663066215e-17,1001.7364963961376,576.3619564817423,0.48858277393843974,0.28111237286804086,0.5898015478262661,1.9502992232640584,0.07972363134225209,7.495685206969559,4.851162072353761,7.495685206969559,1.545131886993973,4.580599275115885,0.9823958242210615,909,2.201609398982914,0.4398015478262661,0.97967529296875,0.786590576171875,50446.17578125,0.726457953453064,0.045148417353630066,0.4170779706142678,15832.6207037319,21039.988620924236,0.1414172649383545,50446.17578125,0.980682373046875,0.802764892578125,39260.0234375,0.6432003974914551,0.040390461683273315,0.4100768082644729,12105.04240371443,16099.625101336418,0.12704703211784363,39260.0234375,0.98895263671875,0.88861083984375,6440.7900390625,4.481239318847656,0.1536320149898529,0.5312187627083117,2879.0774114890396,3421.468515295961,0.3736990690231323,6440.7900390625,0.14359743462893865
0.8931717239483048,1.1753209609410404,0.000790012094181928,0.0006721671104626531,7436.2939453125,9.110931396484375,0.21013279259204865,3.109750274505045e-16,5.901208130414133e-17,2.171453147092936e-17,1046.1990536131575,574.5694831460053,0.6280967510055496,0.344948912297893,0.8931717239483048,2.000865399837494,0.05149722223480543,4.992118644754384,4.992118644754384,2.6058274004599977,0.5219882750980184,1.518076015678381,-2.800846225124228,910,2.6751455683237024,0.7431717239483048,0.9771728515625,0.750885009765625,24312.11328125,1.142113447189331,0.03728967532515526,0.30403026473292527,5968.95812050922,7391.618235682997,0.1649051159620285,24312.11328125,0.986083984375,0.859954833984375,28456.681640625,0.8005638718605042,0.04896331578493118,0.3639014941449431,9001.750411404464,10355.428964023842,0.16794490814208984,28456.681640625,0.92718505859375,0.70025634765625,6780.658203125,4.0599188804626465,0.06823867559432983,0.2958575723171577,1561.8259749428812,2006.109075479224,0.29359620809555054,6780.658203125,0.25699499915296026
0.989803671931792,1.2124948493152712,0.000615822292656759,0.0005078968318954349,6781.57421875,8.964781761169434,0.6235156655311584,7.710929729500415e-17,2.4893985359725783e-17,7.601477404758138e-18,1008.655743440337,551.9233857608972,0.6090526090486211,0.33326571556126433,0.989803671931792,0.9963296353816986,0.13768969227870306,4.832425289733679,4.832425289733679,0.8097018039375903,0.16755599008592517,0.46439242581571694,-2.279009008321828,911,2.998668178045952,0.839803671931792,0.971160888671875,0.713348388671875,20904.267578125,0.7567038536071777,0.028837844729423523,0.35367777496134994,5379.031162640589,7393.3748452278705,0.10233640670776367,20904.267578125,0.988861083984375,0.88812255859375,23578.556640625,0.409500390291214,0.03863104432821274,0.38672782986097015,7443.544516635513,9118.484040351159,0.12068170309066772,23578.556640625,0.9808349609375,0.820770263671875,857.2318725585938,1.822784662246704,0.3456001877784729,0.46734363648665156,330.16820347154726,400.62186060017973,0.928263783454895,857.2318725585938,0.03854215138602918
0.21106728427380667,1.5281407573063766,0.0007978196846809265,0.0005220852077050987,30694.873046875,48.188072204589844,0.5565357804298401,6.990281796949901e-16,3.942080433135465e-17,1.2795748679649277e-17,1043.6903630410854,551.3029665779052,0.6346355134983713,0.3352301158246597,0.21106728427380667,2.211876312891642,0.17299957325061163,21.513555167714042,4.9199369513103095,21.513555167714042,4.372729850122249,11.479826133216104,-0.13580966021351282,912,1.3581296127919995,0.06106728427380667,0.9876708984375,0.870635986328125,10867.2607421875,3.302978992462158,0.32497113943099976,0.47852600442092885,4349.495337325912,5200.266861832769,0.8330180048942566,10867.2607421875,0.98614501953125,0.85968017578125,112966.703125,1.0794346332550049,0.0827750563621521,0.46147363416608067,43142.510785085484,52131.15503195176,0.24869494140148163,112966.703125,0.981964111328125,0.82476806640625,21019.392578125,2.2532153129577637,0.11125252395868301,0.4303528298295217,7279.803476829077,9045.75507748284,0.3460507094860077,21019.392578125,0.33947702103226535
0.7587279268997523,1.649112514577114,0.0007798936511698947,0.0004729171868360267,5788.7841796875,7.14677619934082,0.349649041891098,4.28225488141756e-16,5.29844877401168e-17,1.387684001215718e-17,1023.7333122103618,573.9992780442728,0.6057707369995763,0.3396509242698691,0.7587279268997523,10.674339056015015,0.05122694248954455,4.8236583509927575,4.8236583509927575,4.596174085835127,0.9528398886063704,2.4346740547065284,-2.96437572446363,913,2.4321544081385973,0.6087279268997523,0.946441650390625,0.542449951171875,26918.3046875,2.0452346801757812,0.04197275638580322,0.199780482577712,3756.6351507982818,5377.751898649824,0.27783337235450745,26918.3046875,0.953887939453125,0.4901123046875,36707.09765625,26.802295684814453,0.033664438873529434,0.2063012380923203,5235.083944789765,7572.7196903710355,0.22302868962287903,36707.09765625,0.967132568359375,0.61004638671875,17244.955078125,3.1754868030548096,0.078043632209301,0.21900550255350223,2844.780931283871,3776.740050955625,0.4733888804912567,17244.955078125,0.5420776747298319
0.71324440409434,1.8470376975651865,0.0007683300728367824,0.00041597963801692583,14289.9755859375,27.254745483398438,0.1666688472032547,5.445289732942522e-16,1.1114345673701024e-16,2.4868844174154706e-17,1030.5021485346583,521.3514489822369,0.30574498853807136,0.15468244585423094,0.71324440409434,1.143199662367503,0.07680090640981992,5.44598596131987,4.981283330482763,5.44598596131987,1.0932897408170656,3.052972573824804,1.2777332737238893,914,2.3649125118933005,0.56324440409434,0.98968505859375,0.8997802734375,32730.21484375,0.45545488595962524,0.05814122408628464,0.5907321863956969,16330.75671443452,19334.79137223976,0.12091294676065445,32730.21484375,0.986724853515625,0.86346435546875,23180.517578125,0.5614207983016968,0.05515413358807564,0.5858794644265676,11108.789674720796,13580.989221815991,0.11637432873249054,23180.517578125,0.974334716796875,0.832977294921875,12529.7578125,2.4127233028411865,0.11710736155509949,0.5882856429561639,5936.786736680182,7371.076630629513,0.23487445712089539,12529.7578125,0.448205819160321
0.8603662370018998,1.7368059418611512,0.0005806158145113748,0.0003343009144068164,12576.021484375,23.93115997314453,0.2748025059700012,2.6139279935024523e-16,5.0146406960519454e-17,1.9474505083275114e-17,945.2246108681455,504.9315176101935,0.30750477312140956,0.16426661978465024,0.8603662370018998,1.2545711398124695,0.10445459435383479,4.961626713445819,4.961626713445819,3.0277093046312635,0.6102251296789997,1.875080399415133,1.2827913152875743,915,2.6067841318950102,0.7103662370018998,0.99200439453125,0.91925048828125,30846.771484375,0.2877354025840759,0.03343672677874565,0.6272220469249113,16954.562067361603,19347.77515314546,0.06992693245410919,30846.771484375,0.99017333984375,0.901824951171875,15913.4541015625,0.800965428352356,0.04488321766257286,0.6105019295123435,8236.589588742436,9715.194435211733,0.09922726452350616,15913.4541015625,0.975616455078125,0.813720703125,3863.25146484375,2.6750125885009766,0.23504383862018585,0.6205676456101307,1984.5248649647547,2397.4088655289474,0.45959004759788513,3863.25146484375,0.16523664787475148
0.7777683223777425,1.9456678121416189,0.0006484952628441872,0.00033330214890607714,8080.03369140625,11.26562213897705,0.10430276393890381,2.9123761372566316e-16,7.169000395401572e-17,2.1946707718847998e-17,1008.2303571293503,502.9649634521751,0.261365423930712,0.13038453957016444,0.7777683223777425,1.0199792782465618,0.029158708329002064,4.984490574921626,4.984490574921626,3.4364907255241564,0.6894366984690687,1.752044239194058,1.6371524150714327,916,0.6796888622175662,0.6277683223777425,0.948516845703125,0.5379638671875,25592.115234375,0.7253620624542236,0.026050807908177376,0.358023122919483,6085.446538580068,9162.56901466504,0.0957455262541771,25592.115234375,0.976531982421875,0.746795654296875,20988.826171875,1.2494142055511475,0.028420429676771164,0.38120131280859443,5993.739453174622,8000.968089970656,0.0967753529548645,20988.826171875,0.975189208984375,0.73114013671875,18292.50390625,1.085161566734314,0.03300488740205765,0.3783218506711839,5138.040497541252,6920.453930198663,0.11810539662837982,18292.50390625,0.785407222525374
0.694845905577694,1.8265576352165893,0.0007288322472976064,0.0003990195727994004,4702.72900390625,12.111785888671875,0.30896657705307007,7.099826125557869e-16,7.213590446209437e-17,2.2516308227296015e-17,1031.0463356491864,509.5159868780106,0.5221487776594931,0.2580321955936272,0.694845905577694,2.1174325148264566,0.07597136373321216,7.041050193728102,4.939694011288799,7.041050193728102,1.4254020952789839,3.8490712651587926,-2.225222223967079,917,2.3390019349950744,0.544845905577694,0.941192626953125,0.3841552734375,37925.51171875,2.891312599182129,0.04589253291487694,0.144401856012638,3698.4243924619527,5476.514284524264,0.41355493664741516,37925.51171875,0.9744873046875,0.66241455078125,27576.84375,1.6173980236053467,0.05611318349838257,0.19674849669867356,4373.71999878465,5425.702553524808,0.3616725206375122,27576.84375,0.99163818359375,0.91583251953125,4752.75390625,1.8435869216918945,0.12590837478637695,0.5533482544473973,2335.6967017374873,2629.928077999848,0.2929941415786743,4752.75390625,0.1451170380740721
0.8545794181511087,1.0746074287724485,0.0006482300778106233,0.0006032250107847411,5990.19580078125,12.514126777648926,0.14959555864334106,1.284294358506119e-16,4.539585916567811e-17,1.5051584673940554e-17,1018.8090999148804,507.6281199553826,0.5338771044168314,0.266007666033786,0.8545794181511087,1.052527626355489,0.04898027082284292,4.98591919666598,4.98591919666598,2.0651951654980576,0.41420550234328446,0.8218336747790659,2.543149186479754,918,2.595536756732159,0.7045794181511087,0.989990234375,0.898162841796875,14552.025390625,0.7507030963897705,0.05196740850806236,0.5031929403780836,6259.0721555681375,7322.476446146228,0.12502747774124146,14552.025390625,0.97412109375,0.695556640625,15674.7158203125,1.4623322486877441,0.04613877087831497,0.3493897241744839,3882.968397346952,5476.584634742278,0.18167726695537567,15674.7158203125,0.98065185546875,0.742645263671875,12332.12109375,0.9445475339889526,0.04883463308215141,0.39754898782608417,3675.170102761349,4902.622258428422,0.15804807841777802,12332.12109375,0.8159742400075626
0.9890332835911938,1.6181659639402786,0.0005374143151758607,0.00033211322395339607,12422.2197265625,15.550994873046875,0.32643139362335205,2.7215569802718686e-17,8.21835218845516e-18,3.275818006895064e-18,1045.526699931548,542.8207738780176,0.34342523453945184,0.1783009000096793,0.9890332835911938,1.2631798088550568,0.1074139674504598,4.725336727503652,4.725336727503652,0.6672790418092434,0.1412130140748213,0.3644740398124383,-1.4275345127067618,919,2.993357569699905,0.8390332835911938,0.991851806640625,0.917266845703125,32149.66015625,0.48446449637413025,0.04287494719028473,0.5512048029978514,15473.17018198546,17721.047090924738,0.0938224121928215,32149.66015625,0.97833251953125,0.78076171875,25148.123046875,1.5090851783752441,0.0420537143945694,0.47772305733330556,9176.74231713626,12013.838224110252,0.10997943580150604,25148.123046875,0.983612060546875,0.83514404296875,4401.99560546875,1.795989751815796,0.23731324076652527,0.4854623972443264,1680.4115745788158,2137.003339066013,0.5692586302757263,4401.99560546875,0.15365326054110473
0.24705932395552224,1.4207273747627724,0.0006611576094547807,0.0004653655734374642,16999.361328125,34.548545837402344,0.4485416114330292,9.901893015395446e-16,5.2503239472821315e-17,1.9579779231808593e-17,1000.2645398196308,486.1416973418389,0.36008829982865787,0.17500764078191428,0.24705932395552224,1.5477924545605977,0.09464339539408684,21.499284452886485,4.977675238874287,21.499284452886485,4.319141651705786,13.377590763694627,0.6462991442297108,920,1.3211520035820914,0.09705932395552225,0.980072021484375,0.798828125,64803.1171875,0.9487653374671936,0.06761903315782547,0.269473198612691,14691.96180459174,17462.703265251228,0.3309824466705322,64803.1171875,0.98077392578125,0.803375244140625,86219.703125,0.8921318054199219,0.048756953328847885,0.2740637649659049,19942.460291070318,23629.696457115384,0.22727727890014648,86219.703125,0.976226806640625,0.71551513671875,5070.37890625,2.8024802207946777,0.16755419969558716,0.37556868360047313,1516.1269804969552,1904.2755315473328,0.5727089643478394,5070.37890625,0.06714718869318229
0.8988851343090287,1.3432934282276388,0.00045759484906934226,0.00034065144625407696,6821.63720703125,11.159158706665039,0.23128093779087067,1.6399356452696811e-16,2.6650214517530653e-17,1.1074042839367305e-17,1045.899305983645,463.4896087127876,0.3721300288722356,0.16490918435982582,0.8988851343090287,1.1312176585197449,0.06221128006776174,4.868914360690858,4.868914360690858,2.3896975345107787,0.4908070583052319,1.3057561606856822,-1.6298629386657235,921,2.688014879773804,0.7488851343090287,0.97698974609375,0.730926513671875,24508.1796875,1.178607702255249,0.04590417444705963,0.3482972050667639,6517.5919066673305,8536.13048893086,0.1693977266550064,24508.1796875,0.98529052734375,0.84881591796875,18487.396484375,0.6359489560127258,0.0346408411860466,0.40197901329911556,6152.929262139916,7431.54539743114,0.13198579847812653,18487.396484375,0.985565185546875,0.85321044921875,8293.2900390625,1.5790963172912598,0.10608882457017899,0.4090967912690121,2818.690030026951,3392.758343484902,0.32602155208587646,8293.2900390625,0.3857741087552839
0.45107887694126875,1.3770721770146126,0.0007663730324475233,0.0005565235034440689,8580.7900390625,13.811239242553711,0.26927992701530457,3.998923118251304e-16,6.836236555555249e-17,2.8307802250947225e-17,966.1506512586908,537.1302674741497,0.42472398072221024,0.236124775231273,0.45107887694126875,1.9649421374003093,0.08908463766177495,5.673656843303457,4.647594125981182,5.673656843303457,1.2207728750637528,2.310566231698381,-0.6758796998689474,922,1.1028225092589143,0.3010788769412688,0.989501953125,0.89276123046875,7616.162109375,1.4272854328155518,0.16335076093673706,0.5013183038029433,3270.0199367687155,3818.1214706008027,0.39675194025039673,7616.162109375,0.982666015625,0.801666259765625,17476.87109375,1.3314471244812012,0.0632096379995346,0.4989185970295532,6937.9798200924515,8719.536004028896,0.16269458830356598,17476.87109375,0.9752197265625,0.728759765625,27346.98046875,3.136093854904175,0.04069351404905319,0.41738038846108655,8213.355659073664,11414.093328068218,0.12577040493488312,27346.98046875,2.179647254867881
0.9996279539386201,1.904728021743843,0.000762209549750203,0.0004001671320256917,10941.7470703125,17.691165924072266,0.709936797618866,1.2896277054611095e-17,3.365139956131288e-18,1.2038730539297338e-18,1045.8447873400235,566.2065084258156,0.4183570030888208,0.22649293744330384,0.9996279539386201,0.9552420675754547,0.2035814126332601,4.998587841911353,4.998587841911353,0.18278930676685762,0.03656818936625167,0.10065454101932905,0.7646825547238589,923,3.114313755760854,0.8496279539386201,0.98931884765625,0.891815185546875,30753.15234375,0.8136075139045715,0.03834481164813042,0.4785500021738245,12470.509490092954,14716.921121940315,0.10489577800035477,30753.15234375,0.988006591796875,0.879180908203125,25473.2109375,0.44873347878456116,0.0353345163166523,0.46874296401389864,9903.341839823854,11940.388400156964,0.09427983313798904,25473.2109375,0.991180419921875,0.9114990234375,126.09171295166016,1.6033852100372314,0.5370649099349976,0.5529738441982286,61.26444754613708,69.72541923745186,1.1086090803146362,126.09171295166016,0.0044851456005054625
0.5469367163030947,1.5723286280525803,0.00047927689625275116,0.00030481979892865225,12117.509765625,20.123472213745117,0.49663761258125305,3.3868618226453713e-16,7.169565322495484e-17,2.1275414312067263e-17,1046.0044240185737,475.08967181640367,0.3042085839969854,0.13816992836379657,0.5469367163030947,0.9252238472302755,0.15245464195807776,10.240322654665995,4.9642703812737,10.240322654665995,2.062805179446854,5.2167316795644725,0.8107865871714783,924,0.9920955578629164,0.3969367163030947,0.988494873046875,0.886138916015625,37238.609375,0.507501482963562,0.06310081481933594,0.41423761047231694,13712.01736310525,15425.632563459263,0.18232659995555878,37238.609375,0.987518310546875,0.87518310546875,36932.05078125,0.7258338332176208,0.05217321962118149,0.3813685222092092,12480.91278680391,14084.721629322914,0.17460666596889496,36932.05078125,0.992401123046875,0.92279052734375,3511.721923828125,1.5423362255096436,0.3420898914337158,0.581682388912361,1836.905031889603,2042.7067980050347,0.6691731214523315,3511.721923828125,0.09469302056716855
0.9999992014405712,1.8465740290877113,0.0007427263790565077,0.0004022185774070738,10583.0732421875,15.517383575439453,0.9520289897918701,4.2173376919283052e-19,1.2282759773211508e-19,3.7163501753583534e-20,1022.5488694695625,622.5634232050936,0.5539161702174591,0.3372434877152849,0.9999992014405712,3.406371275583903,0.18464187408487,4.604877476607683,4.604877476607683,0.005551503275414902,0.0012055702466821285,0.0029846028452810386,1.6086498055178637,925,3.1403288818263184,0.8499992014405712,0.9266357421875,0.78125,32121.8046875,2.7211897373199463,0.0418831966817379,0.43732637404856967,10833.868729235763,14047.712370518646,0.12125030905008316,32121.8046875,0.9437255859375,0.625,29449.07421875,3.690141201019287,0.043081335723400116,0.3998647702653844,8254.18341904414,11775.647298261863,0.13072319328784943,29449.07421875,0.97509765625,0.625,38.69826126098633,3.8077828884124756,0.46896108984947205,0.40091096970812845,10.933536344830912,15.514557446758023,1.6887836456298828,38.69826126098633,0.0012570313092301207
0.39855217334016907,1.6536447916789123,0.0005741585650654453,0.0003472079179002606,11002.697265625,16.46100616455078,0.4198555648326874,4.309279779124133e-16,4.905335278153431e-17,1.783813544073381e-17,959.5794052537759,478.6023539027083,0.41691465462856026,0.2079414522542749,0.39855217334016907,0.9097422957420349,0.12156441062688828,9.243754716978252,4.900774311524536,9.243754716978252,1.8861824947214716,4.7137088673030565,2.9204146290749984,926,1.9807340079936626,0.24855217334016907,0.992645263671875,0.92474365234375,4408.87158203125,1.032110333442688,0.2885087728500366,0.6119310866651803,2410.489314151186,2697.9255790485313,0.5310279726982117,4408.87158203125,0.980438232421875,0.7978515625,44370.96484375,0.7035505175590515,0.03687223792076111,0.3560576456513361,12186.14855418759,15798.621279175095,0.14346270263195038,44370.96484375,0.9759521484375,0.731231689453125,28925.56640625,0.9935660362243652,0.039312221109867096,0.35644337086038336,7772.088913958629,10310.326390427072,0.14168497920036316,28925.56640625,1.1859640591563025
0.9333316938468486,1.6000221226929348,0.0005298136197093468,0.00033112893390351266,8173.1572265625,23.01822280883789,0.13457627594470978,3.2309966793300533e-16,7.845517506009479e-17,1.27694278676956e-17,930.1020136085269,427.88965458558187,0.28745093737342753,0.13224063651450843,0.9333316938468486,0.7887978355089823,0.05955879141887029,4.894969248223633,4.894969248223633,1.714532487388746,0.35026419992545277,0.8752381745497173,2.8501475758104755,927,0.36721258720568767,0.7833316938468485,0.98663330078125,0.86309814453125,13247.3505859375,0.7471462488174438,0.072713702917099,0.5540026377833206,5895.074079080368,7339.067168753969,0.15903182327747345,13247.3505859375,0.980377197265625,0.782073974609375,20477.134765625,0.7827991843223572,0.049867816269397736,0.5588229727122808,8848.645878916943,11443.093322255903,0.11233688145875931,20477.134765625,0.985137939453125,0.846893310546875,7135.65380859375,0.836448073387146,0.056094855070114136,0.5534289857510744,3123.5691407572313,3949.077650168936,0.12850803136825562,7135.65380859375,0.42317347376588776
0.9938811619540086,1.4780067548650293,0.0005589618201990601,0.0003781862419499593,6324.8046875,15.947456359863281,0.6327976584434509,6.937561468992302e-17,2.216771375569477e-17,8.28839151226631e-18,992.4030566571056,487.686178803095,0.5513212051101799,0.2709299714563469,0.9938811619540086,1.940992832183838,0.18053018674254417,4.938569729316091,4.938569729316091,0.566289971494094,0.1146667967716466,0.3578155164699216,0.8468475325911893,928,3.0309121378908284,0.8438811619540085,0.947998046875,0.610504150390625,20439.111328125,2.2955267429351807,0.04899471998214722,0.4243431398021361,6052.815951968437,8673.196673954888,0.13491559028625488,20439.111328125,0.9708251953125,0.7203369140625,14798.5107421875,2.0412545204162598,0.06090046837925911,0.45198038506321875,5139.4937277595545,6688.636584902667,0.16642142832279205,14798.5107421875,0.98895263671875,0.886932373046875,400.93115234375,1.4861972332000732,0.4316953718662262,0.542285264053895,185.30689386901366,217.41905590051977,0.94520503282547,400.93115234375,0.02275585744938971
0.7218851498793831,1.975543261391914,0.0007446646970048153,0.0003769417311975972,4216.01123046875,8.852388381958008,0.6045235395431519,2.6303679375637667e-16,4.1556986297162947e-17,1.95830058181875e-17,883.6417231944472,356.9127621598617,0.27564277652263874,0.1113351963309904,0.7218851498793831,31.50033183892568,0.09085250645875931,6.116970702058711,4.938171846091652,6.116970702058711,1.238711590585902,3.740879985881938,-2.0771451001995884,929,2.3773189436676474,0.5718851498793831,0.97296142578125,0.530792236328125,29204.404296875,1.584948182106018,0.05068090558052063,0.21321591765829678,4420.5699340712745,6226.8438597094,0.31350257992744446,29204.404296875,0.90283203125,0.410552978515625,19213.943359375,90.21178436279297,0.03683703392744064,0.19421397179058236,2366.583949026135,3731.6162516678614,0.2612054944038391,19213.943359375,0.976226806640625,0.73046875,2622.869873046875,2.7042629718780518,0.18503957986831665,0.30158465312427823,650.7086346649113,791.0173012059236,0.7888250946998596,2622.869873046875,0.10834198191430047
0.961129518075233,2.2992570844266123,0.000732286276897844,0.0003184882116305238,7021.6328125,12.264386177062988,0.3979264497756958,1.4597723969941393e-16,3.325455093935584e-17,9.941794962206594e-18,1043.6867952672158,526.6200978262798,0.734569682122096,0.37064678753582847,0.961129518075233,2.6559622486432395,0.0932019477089246,4.908080054756771,4.908080054756771,1.4770400361300176,0.3009404939714691,0.9036938359145585,-1.7456623016917177,930,2.861860838179897,0.8111295180752329,0.982574462890625,0.809722900390625,25748.728515625,1.5791443586349487,0.06537541002035141,0.3417043669592164,6745.100906894586,8798.45297760042,0.24346990883350372,25748.728515625,0.985076904296875,0.824554443359375,24235.826171875,0.876680314540863,0.06945790350437164,0.3375038800847349,6319.617915424817,8179.6853667364585,0.2520553171634674,24235.826171875,0.98492431640625,0.824859619140625,5569.06884765625,5.512062072753906,0.14477252960205078,0.3402211534702695,1468.62245880752,1894.7150268882494,0.5929451584815979,5569.06884765625,0.22283158797647334
0.8516292434408952,1.06573932195662,0.0004423139422343744,0.0004150301421010892,6291.06884765625,10.323720932006836,0.138090580701828,1.8497501535705453e-16,3.7853196143055414e-17,1.2717436819216129e-17,1009.6710845141102,499.4858679504331,0.3568700682094613,0.17654418205995676,0.8516292434408952,0.71139923731486,0.04564382756749789,4.543989152525317,4.543989152525317,2.4019998708418586,0.5286103884088169,0.9590665939938852,1.8071484070909083,931,0.5517104530421825,0.7016292434408952,0.984100341796875,0.839691162109375,19931.302734375,0.6279717683792114,0.042688481509685516,0.4090255609273901,6654.241000362246,8152.412283880531,0.12850360572338104,19931.302734375,0.9869384765625,0.86968994140625,14018.021484375,0.6967402696609497,0.047430865466594696,0.40222834048636025,4680.571376059707,5638.445516671865,0.14129316806793213,14018.021484375,0.986968994140625,0.8687744140625,11257.2958984375,0.809485673904419,0.046812135726213455,0.40199224241950926,3754.031189649504,4525.345623319981,0.1442888081073761,11257.2958984375,0.663182325863215
0.35604799630561773,1.6446876332013187,0.0007980070894577163,0.00048520282718027583,10255.802734375,16.78855323791504,0.5204477310180664,1.151915660792175e-16,2.615425119801194e-17,1.254016611465134e-17,1027.3466330676658,562.9986055255691,0.6856575981128883,0.37574880685878675,0.35604799630561773,1.6925286054611206,0.16241433968146643,8.43945256989894,4.978273726211128,8.43945256989894,1.6952568368156105,2.6431384185681894,2.0331788861315765,932,1.9348316449635792,0.20604799630561774,0.991973876953125,0.81829833984375,26546.416015625,1.3857529163360596,0.0838017612695694,0.4768925554595573,9969.348498874115,12659.788173980694,0.21914544701576233,26546.416015625,0.99285888671875,0.818084716796875,5017.6396484375,2.297600269317627,0.34388819336891174,0.4265700797872707,1708.089274092687,2140.374945263995,0.9296543598175049,5017.6396484375,0.98236083984375,0.820343017578125,25489.482421875,1.3942326307296753,0.05955306440591812,0.4815990081835447,9577.853119925785,12275.709454527849,0.15440011024475098,25489.482421875,1.6150955183427995
0.9308600021488708,1.792152344133618,0.000775629945859438,0.0004327924176749614,8819.4521484375,11.635171890258789,0.27436819672584534,2.346328685869117e-16,7.529417254273145e-17,1.6270726254806424e-17,1038.402786427418,624.0953127601304,0.7497298159719689,0.4505986213638942,0.9308600021488708,1.3836574951807659,0.06283282240231831,4.8729048563124575,4.8729048563124575,1.630003974652087,0.33450355028798634,0.7330656210722399,2.948217179382995,933,2.767555903489761,0.7808600021488707,0.982757568359375,0.734222412109375,31320.6484375,0.7608870267868042,0.05533893406391144,0.32458655208204473,7510.899190068457,10166.261283728141,0.22980986535549164,31320.6484375,0.942474365234375,0.64892578125,31905.228515625,1.5792744159698486,0.04373738169670105,0.3258373750384662,7296.2388314295895,10395.915910237101,0.18698139488697052,31905.228515625,0.984161376953125,0.728546142578125,14471.267578125,1.8108110427856445,0.08942215144634247,0.32353129372233863,3433.005049608421,4681.907920663855,0.37253546714782715,14471.267578125,0.4577640762137264
0.9995838250385843,1.179210158330058,0.0007112811254235693,0.0006031843606493793,10589.6083984375,14.470108032226562,0.6638915538787842,1.0340233402702187e-17,3.7070591699531025e-18,6.991784223249119e-19,1029.009921907823,631.099266682572,0.7316107304901763,0.44870218029910414,0.9995838250385843,2.096755584081014,0.17551019539435705,4.860702001230659,4.860702001230659,0.09636832069061248,0.019826008808236633,0.04148125836859216,-1.0565383340145638,934,3.112741177663842,0.8495838250385843,0.952545166015625,0.7852783203125,22148.8515625,2.0066158771514893,0.06757813692092896,0.4626614976291213,8201.816190051304,10247.420836336492,0.19209648668766022,22148.8515625,0.985626220703125,0.851226806640625,36271.19921875,1.290593147277832,0.09097977727651596,0.41916230769449425,12575.695529889339,15203.519570719027,0.27674397826194763,36271.19921875,0.984039306640625,0.844207763671875,1224.0860595703125,2.9930577278137207,0.3679726719856262,0.41874878978294094,419.89522737581325,512.5845559408966,1.1395741701126099,1224.0860595703125,0.041906367529662765
0.9650889014670642,1.1925439462365073,0.0006098389276688859,0.0005113764818424071,10557.4052734375,15.589547157287598,0.12294458597898483,5.073096141844856e-17,1.3804977101598655e-17,5.220017353715101e-18,1036.3467796647035,581.4333814263698,0.5429318472618857,0.30460720873728897,0.9650889014670642,0.43167712291081745,0.0441671647131443,4.7292330018071596,4.7292330018071596,0.9755174491295421,0.206273924071149,0.38481719082601984,2.057876392046368,935,0.2650137426336913,0.8150889014670641,0.985321044921875,0.8465576171875,26343.302734375,0.5435337424278259,0.0440901555120945,0.42079095491532265,9003.792418715133,11085.023511933121,0.12991301715373993,26343.302734375,0.98919677734375,0.889892578125,29130.73828125,0.3934822976589203,0.05102160573005676,0.4735640073510065,11738.571476666475,13795.26915426264,0.12784850597381592,29130.73828125,0.98858642578125,0.866668701171875,10329.8232421875,0.3580153286457062,0.03738973289728165,0.44562011843531135,3802.9827332613627,4603.177055478027,0.1102510541677475,10329.8232421875,0.3724200744372658
0.700843434232379,2.1698224443767944,0.0007858034853519661,0.00036215105405901574,10918.7275390625,20.2935848236084,0.1770085245370865,1.528279673179338e-16,3.229218685589144e-17,1.4928343167895433e-17,1041.5309580252224,547.4791451382338,0.5455007410720206,0.28674162500232725,0.700843434232379,1.331022044022878,0.07318111757437389,4.8779813048774825,4.8779813048774825,4.397729161430387,0.9015469487415025,1.6872054493297264,-1.2065404566515006,936,0.7942171013377924,0.550843434232379,0.988616943359375,0.8853759765625,25106.33203125,0.6531306505203247,0.07354540377855301,0.5259448165905011,10910.851578109945,13204.545197163776,0.17717011272907257,25106.33203125,0.96929931640625,0.6357421875,14269.7548828125,2.5161149501800537,0.07550837844610214,0.504812551724919,5144.953894858169,7203.551373673191,0.17915372550487518,14269.7548828125,0.982879638671875,0.821258544921875,22655.8984375,0.8238205313682556,0.07048957049846649,0.5059692223376367,8728.370974175454,11463.18731281759,0.17467014491558075,22655.8984375,1.1507440283208452
0.4914802183507743,1.6226349120609085,0.0006076905951063077,0.0003745085173438552,12508.9951171875,28.11577796936035,0.22215069830417633,5.766543447509267e-16,8.504560705012278e-17,2.93331181283349e-17,1009.85602844739,465.81664943451324,0.498635602798361,0.23000582186096435,0.4914802183507743,0.8793569803237915,0.0924885521332423,8.071764932326557,4.708706314720316,8.071764932326557,1.714221357805365,4.798182109628324,-1.93894968530847,937,1.0570077232863766,0.34148021835077436,0.987213134765625,0.83465576171875,35857.8203125,0.6316859722137451,0.09970802813768387,0.5105439728136387,15004.270828322115,18306.99403467367,0.22918356955051422,35857.8203125,0.98455810546875,0.83941650390625,20625.701171875,1.1179804801940918,0.0915471613407135,0.4953591226465115,8281.074460532163,10217.129235918548,0.22004812955856323,20625.701171875,0.98785400390625,0.879302978515625,11232.7001953125,0.8884044885635376,0.0862104669213295,0.4867121118821646,4500.910622506204,5467.091234653908,0.2163824886083603,11232.7001953125,0.39773370711030454
0.37213314077430293,1.3271460804575594,0.0007262099855874281,0.0005471967225620356,14569.2685546875,18.016170501708984,0.29824748635292053,5.743613251073449e-16,5.546694421196283e-17,1.5183263606571666e-17,970.349293263158,521.6664472030461,0.4105910302091721,0.22073655895843353,0.37213314077430293,0.7223517894744873,0.10701230665047963,15.233432239404108,4.696192541427255,15.233432239404108,3.2437835768067553,6.715257053162967,-2.15687321162438,938,1.9521024905775046,0.22213314077430293,0.9884033203125,0.880096435546875,46675.05859375,0.6858837604522705,0.11103526502847672,0.40980898352813844,16774.275315894774,19127.858323434033,0.318267822265625,46675.05859375,0.988494873046875,0.883270263671875,36764.27734375,0.53741455078125,0.10328806936740875,0.4188967904452342,13559.655280001927,15400.437782311881,0.29115691781044006,36764.27734375,0.99139404296875,0.899871826171875,12079.1748046875,0.9437570571899414,0.10671358555555344,0.4808950183612769,5131.50839865649,5808.8149894139415,0.2883731722831726,12079.1748046875,0.2895319016856839
0.7825726746200906,2.06755410793021,0.0006269589068460738,0.00030323700088009335,7319.90283203125,10.456192970275879,0.16022178530693054,2.839331166627841e-16,7.655718017952452e-17,1.6309797828862328e-17,1000.7004894962276,558.9664640542499,0.4909845974103193,0.2742518138046541,0.7825726746200906,1.1977566679318745,0.036905366306503616,4.947328086795603,4.947328086795603,3.551974177641568,0.7179580806702048,1.8633919564633739,1.730971023474936,939,0.6720087582056611,0.6325726746200906,0.983306884765625,0.8287353515625,30991.333984375,0.48021382093429565,0.03196892887353897,0.3486814945502153,8705.097689910945,10806.104648526694,0.1233472228050232,30991.333984375,0.94940185546875,0.611236572265625,15208.869140625,1.3372609615325928,0.03028297983109951,0.29968606755571486,2966.269452453924,4557.886185797355,0.13337388634681702,15208.869140625,0.9691162109375,0.650665283203125,15847.78515625,1.7757952213287354,0.04846419021487236,0.3039096912851077,3319.9720283195,4816.295495693392,0.21702586114406586,15847.78515625,0.6860482891545728
0.8846953736361324,1.623318054989557,0.0006282185391578469,0.00038699658223285657,6234.46923828125,7.940654277801514,0.22895348072052002,2.307718855873337e-16,5.939487024325388e-17,2.0216030371851973e-17,965.9785161853639,562.4597497102712,0.5368735057095103,0.31260502442634175,0.8846953736361324,4.530596494674683,0.04301448042194048,4.935490210123811,4.935490210123811,3.4991029802174696,0.7089676670900926,1.9273132162861493,-2.557679932546064,940,2.6566364652809558,0.7346953736361324,0.89971923828125,0.430023193359375,31316.4921875,11.405471801757812,0.02007715404033661,0.23715475625579707,4679.834298222461,7426.85507164367,0.11794916540384293,31316.4921875,0.980804443359375,0.640106201171875,30684.548828125,0.5210452079772949,0.02516007050871849,0.2495289101049443,5681.200465301617,7656.682028626704,0.13156284391880035,30684.548828125,0.984466552734375,0.84674072265625,4854.181640625,1.6652724742889404,0.08380621671676636,0.3461218710734406,1435.1132404584228,1680.1384316744402,0.29790306091308594,4854.181640625,0.15658387540304972
0.9981817931325345,1.544438738272977,0.000753796096096342,0.0004880712179877411,9984.7373046875,17.456796646118164,0.376139760017395,2.603206241732607e-17,4.535799268753066e-18,1.5755799117614807e-18,1037.7991466920666,556.927193311071,0.7808665821758924,0.4190462435316175,0.9981817931325345,1.7660058736801147,0.12067532787720363,4.951654676642167,4.951654676642167,0.18840057116575612,0.03804800283316909,0.10547680106550524,1.9459632987478104,941,3.081280828644171,0.8481817931325345,0.97576904296875,0.755035400390625,31584.68359375,2.260197401046753,0.09070242196321487,0.40897563282977034,9770.541139222754,12917.365962117134,0.26231834292411804,31584.68359375,0.985748291015625,0.845428466796875,24967.9296875,0.7138761281967163,0.06585448980331421,0.45905924642647494,9343.798465678045,11461.758986861565,0.17483027279376984,24967.9296875,0.984039306640625,0.824127197265625,2101.478271484375,2.323944091796875,0.2054690718650818,0.4399223774404129,737.2497721501904,924.4873177456521,0.5701420903205872,2101.478271484375,0.07431940451746089
0.9088434558362282,1.4393331915137768,0.0005429367539883012,0.0003772140857929381,8739.58984375,9.724968910217285,0.41269418597221375,3.5192418111076205e-16,6.573251859202453e-17,1.6458373715029306e-17,1044.2862972560529,710.9901847282738,0.5152973463011083,0.35083420743840543,0.9088434558362282,0.7778608997662863,0.08627316541969776,4.790227201937919,4.790227201937919,2.572181359484259,0.5369643758115827,1.2813579873034064,-2.5213113554831623,942,2.711299385864009,0.7588434558362281,0.976104736328125,0.74932861328125,31044.716796875,0.5113968253135681,0.026925643905997276,0.3243523965492137,7766.491502604848,10069.428297249939,0.11745066940784454,31044.716796875,0.9791259765625,0.7801513671875,31596.78515625,0.670810341835022,0.036228492856025696,0.3555322423725223,8733.545458548142,11233.675878724618,0.14177271723747253,31596.78515625,0.98895263671875,0.886932373046875,3216.235595703125,1.1513755321502686,0.1956653594970703,0.3873993119521425,1088.7689431636036,1245.9674569126619,0.6376190185546875,3216.235595703125,0.10268705236697079
0.4709424458051321,1.031216425643428,0.0005654420195708289,0.0005483252647163965,8843.826171875,15.996968269348145,0.20520320534706116,8.747283016233639e-16,8.031370020999745e-17,2.0615317797870872e-17,950.9052842950545,471.50846338650155,0.47302666566828894,0.2345513059541374,0.4709424458051321,1.0552350083986919,0.0559454100827376,9.534315440299377,4.997950648410901,9.534315440299377,1.9076449751121118,4.492013570753772,1.509555749436437,943,1.0804375189679125,0.3209424458051321,0.98480224609375,0.84368896484375,40729.59375,0.5352450609207153,0.04444541409611702,0.3397947781713954,11698.54459283513,13839.703275680604,0.1671322137117386,40729.59375,0.984039306640625,0.750640869140625,10627.111328125,0.7773048281669617,0.07520624995231628,0.34715986104548663,2914.0521684111454,3689.306492986015,0.2597436010837555,10627.111328125,0.942657470703125,0.72607421875,15199.9619140625,1.8531551361083984,0.04818456619977951,0.35727725297754276,4213.842408892203,5430.600636904546,0.17603319883346558,15199.9619140625,0.5919368032252057
0.8352017370542717,1.5535830453600192,0.0007974744657880204,0.0005133130592341254,13429.2080078125,20.38721466064453,0.46930521726608276,6.60197048804681e-16,9.185319286690093e-17,2.610442084063947e-17,1009.7733910770373,562.2471498803934,0.6501760734180425,0.36202146682614533,0.8352017370542717,1.951029102007548,0.16717338313659033,4.964921247774037,4.964921247774037,4.063873614438409,0.818517235547371,2.4450960549790834,0.8079981514711547,944,2.559295842136068,0.6852017370542717,0.9810791015625,0.809112548828125,32568.9765625,1.3610286712646484,0.11024405807256699,0.48499224940728713,12213.342869858343,15795.701200850694,0.2837170362472534,32568.9765625,0.98052978515625,0.7999267578125,35225.34375,2.5909552574157715,0.11932215094566345,0.48355895020279843,13072.513667019755,17033.530244326997,0.30255135893821716,35225.34375,0.9932861328125,0.90777587890625,2791.665771484375,1.9011033773422241,0.2719539403915405,0.42164277401257344,1023.5519998036657,1177.0857000107856,0.757914662361145,2791.665771484375,0.08235692189599678
0.20292161906987566,1.7404639594944467,0.0007715778904628377,0.0004433173615884343,35158.00390625,77.15879821777344,0.21122151613235474,1.119201092135363e-15,4.311983589691588e-17,1.3433265833393368e-17,941.7086469149945,409.03390867357484,0.44871636578452245,0.19490126758835255,0.20292161906987566,1.1286771098772685,0.07738595952590306,25.386385013159657,4.887013774860492,25.386385013159657,5.194662053901077,15.658838222651251,0.20956500603534822,945,1.7751370250264598,0.052921619069875664,0.981781005859375,0.8013916015625,27384.529296875,1.2800061702728271,0.08471457660198212,0.49579708696760527,10958.947477627315,13577.169855104587,0.2253066450357437,27384.529296875,0.9835205078125,0.8028564453125,118897.8359375,0.9858419299125671,0.04907170683145523,0.4976103056319593,47957.51521668017,59164.7884652182,0.1319464147090912,118897.8359375,0.991180419921875,0.912139892578125,9904.486328125,1.1201832294464111,0.09837159514427185,0.488857041708745,3986.0187763520325,4841.877886205616,0.2578328549861908,9904.486328125,0.1354159992184422
0.9883065685918235,1.9764890295377684,0.0006133345974974383,0.00031031520455283065,16295.681640625,18.46723175048828,0.23875243961811066,1.5181596924397667e-16,2.6444675842904192e-17,6.8071670196885085e-18,1004.0877223907811,741.3733734856545,0.30794020449127624,0.22736924587820834,0.9883065685918235,1.4681201974550884,0.08441252385576566,4.969475557754436,4.969475557754436,0.8684662470918684,0.17476014058197795,0.6007400677094824,-2.1797883374292732,946,2.988515600253575,0.8383065685918235,0.990478515625,0.903594970703125,40242.54296875,0.472647488117218,0.04127819836139679,0.5215894294558117,18346.686418857367,20990.08503264825,0.09526197612285614,40242.54296875,0.989227294921875,0.8848876953125,38801.125,0.5811796188354492,0.042487096041440964,0.48594446046459755,15932.91926003187,18855.191752135248,0.10741879791021347,38801.125,0.982635498046875,0.807861328125,1408.8350830078125,3.3505334854125977,0.16947227716445923,0.5243674648720992,595.8897718602318,738.7472807593848,0.37877362966537476,1408.8350830078125,0.03564700675491924
0.946903407845614,1.3484898817305175,0.0005087296732061956,0.00037725879897099613,9195.8583984375,17.34587287902832,0.17379434406757355,3.1505955560066326e-16,6.847850273243303e-17,1.4060692970780965e-17,979.8542001538046,509.6380265556262,0.38439100778525087,0.19992798377825372,0.946903407845614,0.5734426379203796,0.08236552526553471,4.9010275416553375,4.9010275416553375,2.0008021399804625,0.40824135815908624,0.9248791187301473,-1.9070635443267572,947,0.3273323557754024,0.796903407845614,0.989105224609375,0.890716552734375,18606.60546875,0.6970154047012329,0.09019380807876587,0.5691432031864567,8839.835561433658,10589.823037219223,0.184446319937706,18606.60546875,0.988677978515625,0.886505126953125,20674.916015625,0.4338260293006897,0.08101249486207962,0.5620523720733159,9620.042539950988,11620.385588594007,0.17290526628494263,20674.916015625,0.9881591796875,0.880828857421875,4542.6708984375,0.5894864797592163,0.07589027285575867,0.5618277626680896,2105.474030120507,2552.198627249769,0.16308584809303284,4542.6708984375,0.23128793014010096
0.30796787020787986,2.4653671673193593,0.0007967561354897835,0.000323179502855192,19320.412109375,47.4865608215332,0.2400410920381546,2.670912532094316e-16,3.86179607341023e-17,1.1464262653891377e-17,1045.2557816214328,408.6712897712242,0.3978116923788736,0.15553534385464737,0.30796787020787986,1.182398537794749,0.0980481964846452,14.637040304451217,4.751975643049498,14.637040304451217,3.080201037196005,7.420318699341053,-0.017920879281095647,948,1.8838526751204265,0.15796787020787986,0.9901123046875,0.89727783203125,5114.935546875,0.7965747714042664,0.17275109887123108,0.5961126379535358,2558.3261943562156,3049.0777220021487,0.3563400208950043,5114.935546875,0.97747802734375,0.759002685546875,55796.09765625,1.4928685426712036,0.05941774323582649,0.563017801325847,24360.17754117289,31414.196225295986,0.1340237706899643,55796.09765625,0.9892578125,0.888336181640625,18850.146484375,1.2577522993087769,0.06197574734687805,0.5899919184836306,9222.059284067393,11121.434089126938,0.1514226645231247,18850.146484375,0.618940296793649
0.930936513186678,1.531271589674589,0.0004930952981168092,0.00032201687894019965,7313.62939453125,9.718938827514648,0.1643609255552292,1.8150435193182007e-16,4.4411670165651026e-17,1.2983001445827585e-17,941.0565896148178,489.9347594189385,0.28210737579051004,0.14687130488593023,0.930936513186678,0.48396344979604083,0.05594612037142118,4.724232225180923,4.724232225180923,1.638265084070908,0.3467791179567105,0.8253129464043786,3.084432231954449,949,2.767765362918557,0.780936513186678,0.986175537109375,0.85833740234375,20101.60546875,0.31206369400024414,0.055222976952791214,0.4412724888070636,7189.541531102048,8870.28547549681,0.15751196444034576,20101.60546875,0.986083984375,0.860870361328125,18937.939453125,0.4104650616645813,0.059381380677223206,0.4367472942417939,6700.742012151464,8271.093813764752,0.17609454691410065,18937.939453125,0.986114501953125,0.8587646484375,8296.736328125,0.7293615937232971,0.053234003484249115,0.440790890963916,2964.537843914496,3657.125797691402,0.15906602144241333,8296.736328125,0.4250426763287446
0.5317754180147635,2.189852985964039,0.0007763030728886242,0.0003545000864735549,14304.431640625,32.172306060791016,0.16204234957695007,5.965231008779323e-16,7.418488528991725e-17,2.2892582628091414e-17,1030.8825957416204,472.33924619034326,0.2978506490400403,0.1364719431931691,0.5317754180147635,0.6336363951365153,0.06693388273318608,9.090010657636192,4.845841349831376,9.090010657636192,1.8758374452255855,4.785387260109232,-1.907125138478217,950,1.0101007291613466,0.38177541801476345,0.989044189453125,0.89337158203125,36719.49609375,0.6036089658737183,0.048466019332408905,0.5598803845299334,17216.191278402417,20558.525591113903,0.10965639352798462,36719.49609375,0.990325927734375,0.902069091796875,20940.830078125,0.4453427791595459,0.04868718981742859,0.5666223675999782,10080.410358058125,11865.542720721765,0.11163035035133362,20940.830078125,0.9915771484375,0.912506103515625,12182.439453125,0.8519574403762817,0.10364843904972076,0.5827842223442139,6157.903623493323,7099.733504381693,0.22898899018764496,12182.439453125,0.4225588116449897
0.668926344069325,1.6593597083074139,0.0007777548513568885,0.0004687078078750127,10960.31640625,24.279998779296875,0.12914782762527466,2.566228645879749e-16,4.0886586699644376e-17,1.3744915719812166e-17,916.4938989187517,405.0381788885652,0.441241718835974,0.19500374465976333,0.668926344069325,0.6064250071843466,0.0539684829612573,5.40067182098209,4.914275508670211,5.40067182098209,1.098976199330651,2.7908867007849674,-1.6087419292971625,951,0.8380328689790008,0.518926344069325,0.989532470703125,0.890411376953125,29191.548828125,0.7288548946380615,0.050593532621860504,0.5723605200508273,14383.700296946527,16708.09007188796,0.10881327837705612,29191.548828125,0.990692138671875,0.906585693359375,11530.4189453125,0.37965941429138184,0.04839089885354042,0.5520206032562006,5356.48834150565,6365.0288216672725,0.11308148503303528,11530.4189453125,0.990509033203125,0.904144287109375,11575.302734375,0.7107607126235962,0.06292101740837097,0.5512232149819447,5353.822606462712,6380.575586889986,0.1606212854385376,11575.302734375,0.568504095812651
0.8545167830297951,1.7241924467804146,0.0005672156398293114,0.0003289746692072996,8149.9375,17.306917190551758,0.2196677178144455,2.5933253777135903e-16,5.1584484520377264e-17,1.3981098980480422e-17,1012.2986393949903,425.7090245393839,0.4791576743544606,0.20150352693539997,0.8545167830297951,0.7945792078971863,0.08316912998755772,4.944050055372891,4.944050055372891,2.4638184513186956,0.498340110582248,0.6781690348105031,-0.5039471568634109,952,2.5954161589903024,0.704516783029795,0.9881591796875,0.879486083984375,19543.986328125,0.7880672216415405,0.1021609902381897,0.4663365529223114,7533.7245716551215,9114.075214229735,0.24931924045085907,19543.986328125,0.982330322265625,0.8233642578125,18556.30859375,0.6888432502746582,0.06963125616312027,0.434228002624627,6167.519411956878,8057.668818856718,0.19280818104743958,18556.30859375,0.986175537109375,0.86273193359375,15849.6640625,0.9068271517753601,0.07771514356136322,0.45177302334428565,5759.731326363308,7160.450651176587,0.208978071808815,15849.6640625,0.8319969225959999
0.33300297610486257,1.7314022547355366,0.0006952677455371735,0.0004015633823021516,17690.8984375,29.059152603149414,0.2469547539949417,2.6425974679510547e-16,3.9224249194060335e-17,1.4780745851712644e-17,998.9937904944197,550.853254473104,0.6462896603701598,0.35636934496962536,0.33300297610486257,0.9500342806180319,0.08481003840764363,12.911830343687216,4.978308540910257,12.911830343687216,2.593617940226412,6.009890929066248,1.4082161303502092,953,1.9102828611887324,0.18300297610486257,0.98663330078125,0.861846923828125,62328.3515625,0.6763884425163269,0.058136239647865295,0.43681470921787074,21926.03407184432,27225.940760610298,0.1703602373600006,62328.3515625,0.986846923828125,0.86737060546875,18835.888671875,0.9354418516159058,0.07670438289642334,0.44802406970379227,6913.204832597206,8438.931496353433,0.22868119180202484,18835.888671875,0.98809814453125,0.87921142578125,24070.779296875,1.2382725477218628,0.11958949267864227,0.467138537786134,9424.315119146451,11244.388648175049,0.311336487531662,24070.779296875,0.593137549920179
0.6433116256205229,1.871213707059857,0.0007381976095329858,0.0003945020318886389,8142.70703125,10.648677825927734,0.3365142345428467,1.1290017370175771e-15,1.1720322311074045e-16,4.115761153549166e-17,1003.1912215121334,465.7974787865869,0.47640658692554994,0.22120307904285244,0.6433116256205229,1.2667580842971802,0.06096139053503672,7.847241844346963,4.903781826849693,7.847241844346963,1.6002428577431675,4.957109379002725,0.7759960483763484,954,0.8719803752910136,0.4933116256205229,0.978363037109375,0.78253173828125,35076.45703125,0.7946798801422119,0.035291582345962524,0.29071133156954354,8405.676701729824,10197.123525181863,0.15464486181735992,35076.45703125,0.969268798828125,0.722442626953125,37273.13671875,0.6666074991226196,0.020736053586006165,0.2589535917738152,7757.622463689673,9652.012630725734,0.10593346506357193,37273.13671875,0.97503662109375,0.76202392578125,3811.3076171875,2.338986873626709,0.12685653567314148,0.34890600693214135,1066.6024497109725,1329.7881216102353,0.48109516501426697,3811.3076171875,0.10535809310435831
0.1504313133944108,1.0905957720979078,0.00060082599743465,0.0005509153921245086,28985.169921875,34.89388656616211,0.3170214891433716,4.938883063776674e-16,2.8989418379756544e-17,1.2802784287640173e-17,1037.3008183257687,582.4357423244027,0.4902757634943065,0.2752857447036066,0.1504313133944108,1.073147217432658,0.14107116063435873,22.34034687622044,4.942200500231447,22.34034687622044,4.520323866903867,7.731996352007871,-0.6506096137690944,955,1.4197917904481887,0.0004313133944107983,0.991455078125,0.91351318359375,42154.63671875,1.2332758903503418,0.20924954116344452,0.590191601318188,21736.540790748848,24879.31255414689,0.4267421066761017,42154.63671875,0.9908447265625,0.908843994140625,65217.67578125,1.098069429397583,0.12556563317775726,0.5789704403003054,32775.42007620889,37759.10645984691,0.26011666655540466,65217.67578125,0.98968505859375,0.896026611328125,39532.7734375,0.8880963325500488,0.08839830756187439,0.5517020249647115,18629.780353130613,21810.311161994796,0.20804160833358765,39532.7734375,0.7363681104940345
0.18427090870699026,1.5779696250093926,0.0006940681570047841,0.00043984887034859924,26649.85546875,58.439979553222656,0.22513610124588013,1.0734619190326139e-15,4.716430940818762e-17,1.4325796947728232e-17,988.3666233794016,477.5130861362977,0.5156902225276654,0.24914725348325809,0.18427090870699026,0.9115136663118998,0.09515595684448878,21.753239363139258,4.977160552882439,21.753239363139258,4.370612346539883,10.769287871020191,2.9584071648250463,956,1.3854663102739668,0.03427090870699026,0.99371337890625,0.93609619140625,10349.3984375,0.6962251663208008,0.11611993610858917,0.5568435341511299,4819.129972867664,5762.99560332469,0.26040875911712646,10349.3984375,0.992828369140625,0.840606689453125,82045.0703125,0.7898841500282288,0.07433269917964935,0.5311746121370341,34272.06980099715,43580.2583999653,0.178174689412117,82045.0703125,0.987518310546875,0.87420654296875,27231.90234375,1.24843168258667,0.09501523524522781,0.5169716763828155,11426.678454246114,14078.122208410929,0.2254132181406021,27231.90234375,0.5894704025504773
0.363659595230565,2.4068305166325126,0.0007655857161870268,0.0003180887523639125,9272.6455078125,14.339670181274414,0.4513131082057953,5.1692974118143e-16,7.428509612379996e-17,1.680573767512211e-17,1000.1052923091775,499.59908181955313,0.27844190636755667,0.13909467516177526,0.363659595230565,1.9224331974983215,0.07977390165130298,14.65604963187309,4.423487634119899,14.65604963187309,3.3132340008878693,8.492777664288187,-2.327258554767478,957,1.9429897997625416,0.21365959523056502,0.9747314453125,0.687652587890625,57075.61328125,3.750213623046875,0.038372237235307693,0.20018189244432505,8666.299140848147,11425.504277458249,0.2383715659379959,57075.61328125,0.97332763671875,0.5616455078125,55939.9140625,1.024813175201416,0.02993699163198471,0.19805646303601318,8206.031910495494,11079.26152273867,0.20555447041988373,55939.9140625,0.9920654296875,0.799835205078125,4847.29541015625,0.9922727942466736,0.17101247608661652,0.44504019710254356,1645.3074558865683,2157.2413051059716,0.5151400566101074,4847.29541015625,0.08578105193302565
0.5625661055206886,1.8781743663241652,0.000761661304144186,0.0004055327970612535,12392.251953125,27.781631469726562,0.18326474726200104,8.140294871013394e-16,1.026514053865955e-16,2.841586160817067e-17,1042.41167070406,444.9696213627006,0.5738369166263895,0.24495120564289513,0.5625661055206886,8.933235088984171,0.06386854499578476,8.6094540848067,4.951846086387714,8.6094540848067,1.7386352351446264,5.468615691023177,-2.0778022502531,958,0.9733099542522573,0.4125661055206886,0.901275634765625,0.7322998046875,37262.07421875,18.432207107543945,0.061340779066085815,0.4535739431628425,12802.50012456753,16901.10593662889,0.16642048954963684,37262.07421875,0.938201904296875,0.7138671875,27970.353515625,2.5295073986053467,0.06497430801391602,0.4487972575391025,9408.081319596658,12553.017953765442,0.18177294731140137,27970.353515625,0.965118408203125,0.7510986328125,9363.87109375,5.837990760803223,0.06529054790735245,0.44646959611116405,3140.9489556978574,4180.68374418219,0.20053760707378387,9363.87109375,0.28709252189354273
0.33472053820396863,1.3653814348436577,0.0004904917267703566,0.0003592342141568082,21699.064453125,25.07675552368164,0.18117789924144745,6.111247125975177e-16,5.3737277285541867e-17,1.583642701998098e-17,1034.1988949532254,637.9137837591755,0.3665828466929086,0.22611535550486112,0.33472053820396863,1.5500609278678894,0.04321891193588575,15.102968291786084,4.977332123363171,15.102968291786084,3.0343501131648507,9.501323009120082,0.33789400931306623,959,1.229487680953428,0.18472053820396864,0.983123779296875,0.82696533203125,45283.1171875,0.9164953827857971,0.04163269326090813,0.3114161788679409,11844.048132702777,14101.895321481332,0.17336146533489227,45283.1171875,0.982635498046875,0.8289794921875,109494.890625,2.1229021549224854,0.03270779550075531,0.3142213278059599,28917.338780420483,34405.6299286347,0.13405802845954895,109494.890625,0.98211669921875,0.8134765625,18091.544921875,1.6107852458953857,0.055316247045993805,0.3024347489802097,4550.348356133136,5471.511847200217,0.22759151458740234,18091.544921875,0.2337741023749488
0.8828840272824342,1.4638119386675037,0.0005861666828023062,0.00040043851762535087,5402.8310546875,8.424148559570312,0.2058068811893463,2.588366992924153e-16,5.152667081685993e-17,1.7589871443466185e-17,1023.2350680599607,512.8741382943397,0.36175531499902375,0.1813219183401263,0.8828840272824342,1.9906598130861919,0.0491815780599912,4.9198316502026005,4.9198316502026005,2.4991082968941516,0.5079662221351084,1.1956740728021402,0.1567897797411728,960,0.48882757146408967,0.7328840272824342,0.98077392578125,0.801483154296875,21158.115234375,0.41102510690689087,0.037531010806560516,0.3220505732980505,5263.648725901105,6813.983141894499,0.14424973726272583,21158.115234375,0.920654296875,0.370635986328125,22051.482421875,3.9611778259277344,0.039451390504837036,0.25092968761660445,3300.1788492343094,5533.371595957486,0.2054033726453781,22051.482421875,0.983123779296875,0.827056884765625,9347.0595703125,1.5997765064239502,0.07056233286857605,0.34705532197322686,2579.9854729145036,3243.9467692050516,0.24697862565517426,9347.0595703125,0.43263812103376553
0.591788741296245,2.5290854236855345,0.0007888758217945463,0.00031192138249128387,10152.7998046875,19.821928024291992,0.22616496682167053,1.7346926129815914e-16,3.5192764924751655e-17,1.1852282586903002e-17,1044.9260119459861,551.9214917671703,0.6244173029672287,0.32981218325410055,0.591788741296245,1.646152377128601,0.08492807919780414,6.421523692803542,4.910453750364969,6.421523692803542,1.3077251144716033,2.63713287842205,1.6540841752760889,961,2.204072390523743,0.441788741296245,0.988128662109375,0.880340576171875,28374.556640625,0.6868985295295715,0.07441569119691849,0.5067712471186082,11888.339024374902,14379.409456425326,0.1752113252878189,28374.556640625,0.98577880859375,0.853790283203125,10828.474609375,3.4351813793182373,0.1263701617717743,0.4855526803312528,4193.572112013631,5257.794869727207,0.32089054584503174,10828.474609375,0.9847412109375,0.84283447265625,17904.46484375,0.8163772225379944,0.05399838462471962,0.4831316051426131,6845.903696751619,8650.212839228903,0.14598537981510162,17904.46484375,0.9134224713171892
0.618776746175678,1.940044356830734,0.0007185638818681746,0.000370385284923085,6618.03759765625,9.197301864624023,0.2242303490638733,2.7092151956903434e-16,3.7744502265951663e-17,1.3134547610603408e-17,1044.4738676489808,565.8287640243491,0.4644050641213063,0.2515847945816855,0.618776746175678,1.7364251613616943,0.041233157739043236,5.70567408025031,4.981271094819108,5.70567408025031,1.1454253285240057,3.066045217461674,1.5211361539148598,962,0.9036117409809381,0.468776746175678,0.973175048828125,0.725067138671875,33838.1484375,0.707829475402832,0.0223271194845438,0.2525086502906145,6348.23608493627,8544.425191564107,0.1281425654888153,33838.1484375,0.975555419921875,0.7265625,19238.982421875,1.0718352794647217,0.031723618507385254,0.25818287405984874,3640.645856883682,4967.175778673879,0.15625056624412537,19238.982421875,0.97552490234375,0.71746826171875,22265.099609375,3.4296107292175293,0.06964873522520065,0.2607884232944473,4248.028252919424,5806.480219769508,0.32767820358276367,22265.099609375,0.838971483532717
0.21212967750351286,1.5166848886823265,0.0005905212683238056,0.0003893500045595112,36013.15234375,48.6794548034668,0.17018872499465942,8.135557995099238e-16,4.8996575674250424e-17,9.62650889478038e-18,977.9137203903699,571.7030085259123,0.4150269820016737,0.24263099011952788,0.21212967750351286,0.9171808759371439,0.05404062817494074,22.578421937338803,4.730144848025108,22.578421937338803,4.773304552558377,12.546105279208742,-1.7977048249108483,963,1.3570426060630663,0.062129677503512865,0.98284912109375,0.83746337890625,136689.328125,1.1540968418121338,0.03952138125896454,0.43477029306155124,47487.08927503253,59428.45924115783,0.12661659717559814,136689.328125,0.981048583984375,0.83392333984375,36771.9375,0.7512000203132629,0.05327177792787552,0.433984168364287,12678.057876092253,15958.43871426624,0.16176339983940125,36771.9375,0.98583984375,0.81304931640625,23398.87890625,0.8462457656860352,0.06932872533798218,0.43672976693856125,7965.35048136337,10218.986929883165,0.21105113625526428,23398.87890625,0.2697879416703351
0.7541710462112703,1.234672458085715,0.00045207959951674113,0.0003661534656872992,12601.51171875,26.199012756347656,0.08797284215688705,2.1777794520198797e-16,3.278261167313905e-17,1.550306706398758e-17,1028.117320797174,507.53966996768014,0.3505318141649995,0.17304328764399224,0.7541710462112703,0.5168093144893646,0.04014869158466657,4.898410524655114,4.898410524655114,4.453341203718003,0.9091400529422864,2.5905768602019217,-1.668983056837973,964,0.7164054683370038,0.6041710462112703,0.984466552734375,0.831756591796875,30747.1796875,0.4800085127353668,0.03432541340589523,0.5990488040989402,14961.45819182906,18419.0612199267,0.07218857854604721,30747.1796875,0.9871826171875,0.870880126953125,16203.83984375,0.46053820848464966,0.03932982683181763,0.5910086917844092,7849.231896943165,9576.610188125176,0.08201582729816437,16203.83984375,0.9879150390625,0.876617431640625,11423.7314453125,0.6098812222480774,0.04679083451628685,0.5899572076297332,5544.39305067995,6739.512705650407,0.10659271478652954,11423.7314453125,0.4866233602322101
0.8225668253445687,1.4189258147592527,0.0007203054557848496,0.0005076413779300103,5488.6474609375,7.405336380004883,0.28968891501426697,3.1161358394888164e-16,4.921758874271036e-17,2.7624044547260094e-17,1000.1010646784441,440.667767355675,0.4176111581297638,0.18400917984726872,0.8225668253445687,2.5188201467196145,0.05574357509613037,4.88448710112957,4.88448710112957,3.558066082018534,0.7284421083220197,2.2517736972721627,0.29630415896246776,965,0.604886186083399,0.6725668253445687,0.971038818359375,0.68951416015625,17771.14453125,1.7319085597991943,0.03281852602958679,0.2733611786083058,3776.7765794674197,4857.941013940506,0.1579841524362564,17771.14453125,0.983184814453125,0.82861328125,26831.45703125,0.42045432329177856,0.03521539270877838,0.2980219533720198,6610.766115442222,7996.363236383739,0.15351729094982147,26831.45703125,0.981475830078125,0.70013427734375,6348.54443359375,5.404097557067871,0.09919680655002594,0.2651866308513464,1336.343128258184,1683.5491097789643,0.4720110595226288,6348.54443359375,0.28467148602073206
0.9933833816022904,1.3374207674193663,0.0006518428419384995,0.000487388006690123,5898.74267578125,12.015420913696289,0.42367538809776306,4.8366770594757476e-17,9.979830398956456e-18,2.9836378379180272e-18,1008.173372837949,393.7585847258756,0.5915791894072093,0.23105091906816852,0.9933833816022904,6.275165756543477,0.10173224906126659,4.988982219546856,4.988982219546856,0.5182086288859477,0.10387061049357998,0.2691786950650673,-1.3855492421518159,966,3.0264933233917306,0.8433833816022904,0.984161376953125,0.763092041015625,20002.677734375,0.5810114145278931,0.04536359757184982,0.4132673763490388,6341.965999646455,8266.4541462273,0.13193529844284058,20002.677734375,0.9495849609375,0.748321533203125,15295.564453125,5.233607292175293,0.03615882247686386,0.38861643860323747,4315.5728784646035,5944.1077843463045,0.12224406003952026,15295.564453125,0.943359375,0.71142578125,2163.780029296875,13.010878562927246,0.22367432713508606,0.39182905771337934,617.4407092661394,847.8318899657844,0.7222791314125061,2163.780029296875,0.12259987439618873
0.9936825848792717,1.613932525639334,0.0005398295389009966,0.0003344808598408732,12367.658203125,19.565345764160156,0.2601650655269623,6.563431573378336e-17,1.5850685475560194e-17,4.1405181532335786e-18,936.7041957299688,555.7172707812455,0.3113303178431051,0.18470252971206239,0.9936825848792717,0.3952092031637828,0.10262306531270345,4.81321141342512,4.81321141342512,0.39652226186717876,0.08238205800833717,0.20484195603399885,2.728445331707671,967,0.11246402065950434,0.8436825848792717,0.990570068359375,0.91741943359375,21691.080078125,0.2901937961578369,0.07560306787490845,0.5677370260574379,10849.560337596187,12314.829291950144,0.16089917719364166,21691.080078125,0.9915771484375,0.920013427734375,29057.46875,0.23717650771141052,0.0626893937587738,0.5990391222855042,15468.096166514384,17406.560575528227,0.1274246871471405,29057.46875,0.9913330078125,0.91778564453125,3561.29052734375,0.6582573056221008,0.1695767343044281,0.5777513997718923,1819.652477226055,2057.5405874797125,0.40417420864105225,3561.29052734375,0.14035043797627064
0.9993353609015643,2.4115381518686902,0.0007596462737633874,0.00031500487486575354,6071.61328125,11.441658020019531,1.0268630981445312,1.3843426636756792e-17,2.6579362687818398e-18,7.244661689250685e-19,1028.4571093179304,455.8385133232403,0.7807443524768953,0.34604587949672616,0.9993353609015643,49.25683003664017,0.1750209971020619,4.981310879392932,4.981310879392932,0.1352350537071562,0.02714848701104099,0.04853458336391786,-0.5152572259730746,968,0.03646128729696544,0.8493353609015643,0.89971923828125,0.63177490234375,21789.66796875,129.25894165039062,0.029304584488272667,0.3306158971952786,4772.207174992306,7204.010625210714,0.11309945583343506,21789.66796875,0.98858642578125,0.74847412109375,20206.71484375,0.6885542273521423,0.0522681400179863,0.3787376600483405,5953.80907547222,7653.043898310571,0.17110908031463623,20206.71484375,0.936737060546875,0.669891357421875,1051.8201904296875,17.822994232177734,0.44349026679992676,0.33829487857577806,247.75692041913305,355.8253836254111,1.8260035514831543,1051.8201904296875,0.050090989746698796
0.6662686152613766,2.322237349408038,0.0007624604598009364,0.00032833011664173576,13706.6005859375,23.667373657226562,0.20677830278873444,5.610159132125869e-16,1.199822897329195e-16,3.1257412874495394e-17,944.6243045233211,506.89064411642175,0.47987242902465255,0.2575022085259217,0.6662686152613766,1.4947972496350606,0.08389751737316449,6.745345570903233,4.928864798181549,6.745345570903233,1.3685393791673601,3.239979182659005,1.2801800491901103,969,2.2999900684808585,0.5162686152613766,0.97698974609375,0.820220947265625,36422.26171875,1.209807276725769,0.05178353562951088,0.5295118302472073,15357.753827387918,19286.018464572466,0.12155050039291382,36422.26171875,0.979400634765625,0.809234619140625,23039.5,0.9186775088310242,0.07112100720405579,0.5240829799806703,9519.322019245545,12074.60981801435,0.16663025319576263,23039.5,0.981109619140625,0.798919677734375,13026.6455078125,2.3559069633483887,0.12878800928592682,0.5198916735845452,5305.381945211344,6772.444532909161,0.2949907183647156,13026.6455078125,0.43815202009747467
0.8179942559238357,2.3509864647190075,0.0007067361741080036,0.0003006126086704091,4849.0859375,7.045574188232422,0.16793961822986603,2.9277006131167735e-16,5.5476244381019454e-17,1.3431595539138155e-17,1012.7028378090193,489.1048369253602,0.5854497192908261,0.2827545048666469,0.8179942559238357,1.2597296833992004,0.030278228223323822,4.87874322620606,4.87874322620606,3.0625119351298467,0.6277255828262558,1.2195327874117214,1.7567549977790753,970,0.6128808808283758,0.6679942559238357,0.966339111328125,0.481536865234375,21454.712890625,0.8541434407234192,0.029338806867599487,0.25402136788427054,3365.123382355111,5449.955515783709,0.1727961152791977,21454.712890625,0.93096923828125,0.525390625,17714.896484375,1.2463921308517456,0.029141735285520554,0.27790497402371844,3116.0958682631203,4923.057847126021,0.16015808284282684,17714.896484375,0.93017578125,0.4710693359375,15032.013671875,1.6786534786224365,0.032354142516851425,0.27106169517730516,2522.894977424553,4074.603106826074,0.1715635508298874,15032.013671875,0.7675345203452134
0.2572369979088335,1.4638766763026396,0.000631661316944556,0.00043149899658211874,28342.232421875,50.85599899291992,0.9125667214393616,3.560734553483783e-16,3.846804416615374e-17,1.1412140897693718e-17,1015.0411605393263,539.844225065963,0.42019357841912086,0.22347771256767252,0.2572369979088335,3.103983918825785,0.2774292528629303,15.780326058407162,4.999276339708863,15.780326058407162,3.1565220616162506,8.988727908884588,-1.450542874252474,971,1.310634436264412,0.10723699790883348,0.98760986328125,0.8753662109375,84869.03125,0.7694753408432007,0.09837128221988678,0.5411369648878396,37353.51423718215,45925.769980267294,0.2269492894411087,84869.03125,0.9862060546875,0.8580322265625,3016.4560546875,5.819798946380615,0.5992879867553711,0.3760884012991764,984.097455474449,1134.4541352498072,1.9931257963180542,3016.4560546875,0.986572265625,0.862213134765625,31767.958984375,2.72267746925354,0.13462848961353302,0.5446581817739847,13974.32994624594,17302.6787776666,0.32703670859336853,31767.958984375,0.7229398154040982
0.8968806878979604,1.20434472390782,0.0005777987848005486,0.00047976195962043595,7134.814453125,10.275352478027344,0.2173624187707901,5.658619834342053e-16,1.0482707265973756e-16,2.5445423627075547e-17,951.7577866188924,613.6160891331841,0.49321665715480456,0.31798602597601927,0.8968806878979604,1.8494653304417927,0.0441820714622736,4.865576717709111,4.865576717709111,2.7022587927490305,0.5553830408045342,1.44904963359865,-1.8166278267500449,972,2.6834616917358347,0.7468806878979604,0.977386474609375,0.762969970703125,32279.51171875,2.0830655097961426,0.024553554132580757,0.284579715593004,7302.429929654177,9186.094264447689,0.1100190281867981,32279.51171875,0.9794921875,0.731201171875,26648.642578125,0.995327353477478,0.03655598685145378,0.2932516454656635,6144.192071601962,7814.758285068569,0.15623228251934052,26648.642578125,0.978240966796875,0.690643310546875,8872.9541015625,2.470003128051758,0.07143667340278625,0.30370973046038974,2112.1529488063748,2694.8024990561003,0.31526675820350647,8872.9541015625,0.3011448163423316
0.9894362512867608,1.3892359513506662,0.0007115801382486465,0.0005122097060307302,6459.04052734375,11.183857917785645,0.42264628410339355,1.366628461984445e-16,2.612912166884531e-17,5.086049261284166e-18,1047.1616650349342,564.7554040010134,0.7372679765486768,0.39762348819259635,0.9894362512867608,4.513703187306722,0.098846269150575,4.990837640728222,4.990837640728222,0.6853183785186144,0.13731530213004856,0.31752760550511594,-0.1715879435466019,973,0.1454812708387516,0.8394362512867608,0.948577880859375,0.66754150390625,19258.091796875,9.641144752502441,0.045466817915439606,0.3722808977664624,5252.537443538446,7169.419704454641,0.16653551161289215,19258.091796875,0.9822998046875,0.81134033203125,21527.736328125,0.8565554618835449,0.04344063997268677,0.39484979174106666,6753.312212190092,8500.222206370636,0.14769433438777924,21527.736328125,0.968414306640625,0.697540283203125,3318.292724609375,3.0434093475341797,0.20763134956359863,0.369489785231204,897.8161008181805,1226.0752653216427,0.7147692441940308,3318.292724609375,0.1627179281214791
0.46518779505762525,1.6192638890232256,0.0006534784785649344,0.0004035651526565732,11183.8076171875,15.48083782196045,0.2083958089351654,4.659880087011485e-16,5.995526816827346e-17,1.8469528860188183e-17,914.6865441647761,480.00389687008703,0.32643742393802855,0.1713059370711145,0.46518779505762525,1.0833976070086162,0.058038766185442604,8.59370140857983,4.831219690458395,8.59370140857983,1.778785060334204,4.499669004328542,3.0969295554876615,974,2.054643073172056,0.3151877950576253,0.984527587890625,0.84246826171875,9447.126953125,2.3073747158050537,0.0978117436170578,0.3762160838308732,2883.4782610465218,3554.1611051229247,0.31492355465888977,9447.126953125,0.986785888671875,0.86444091796875,42854.5078125,0.4114965796470642,0.04249968379735947,0.4018437591068882,14401.632803113072,17220.81651075135,0.1423405259847641,42854.5078125,0.984588623046875,0.844635009765625,21595.8515625,0.5313215255737305,0.03380487114191055,0.37631064286989435,6605.694240391461,8126.748783573955,0.11885866522789001,21595.8515625,0.8258193710110863
0.6173564877488591,1.1288648737139881,0.0005538740296556119,0.000490646881263437,8613.1748046875,17.90587043762207,0.23135682940483093,4.622794032453929e-16,6.489840625978828e-17,2.1483251278525112e-17,1022.3528556526581,433.5040454849548,0.43336839923292475,0.1837594067587162,0.6173564877488591,2.0256906946500144,0.07490030179421107,5.4816976959443355,4.622127183114147,5.4816976959443355,1.1859685981749761,2.8028253598752366,2.908033606205078,975,2.2361742563307465,0.4673564877488591,0.984283447265625,0.830780029296875,7353.70654296875,4.508232593536377,0.11882467567920685,0.4596574798784996,2718.63833053261,3380.1862173735262,0.3263948857784271,7353.70654296875,0.987548828125,0.874298095703125,27420.306640625,0.5117838978767395,0.04976557195186615,0.4520018052960626,10447.469598947144,12394.028103462257,0.1433478742837906,27420.306640625,0.985565185546875,0.85113525390625,17201.333984375,1.0570555925369263,0.05611065775156021,0.44091780293938126,6157.027649617552,7584.374387411152,0.1748514324426651,17201.333984375,0.9893211861143784
0.9721588801195352,2.207285791912659,0.0007249053773628371,0.00032841482512995814,6464.16162109375,20.860137939453125,0.3141816556453705,9.913870793057265e-17,2.4394900634186704e-17,7.15012314811554e-18,1020.6546973442163,416.7975633978711,0.32586584251546213,0.13307153683655032,0.9721588801195352,1.9998775323232014,0.163813183705012,4.892992357049794,4.892992357049794,1.0562010108113513,0.21585993472676968,0.33777332423715495,1.8240697991954953,976,2.905070875850556,0.8221588801195352,0.995086669921875,0.949981689453125,11624.8837890625,1.390954613685608,0.17195861041545868,0.6079499123060518,6366.273888947067,7067.347080718219,0.30815768241882324,11624.8837890625,0.994232177734375,0.94171142578125,14427.2607421875,1.343427062034607,0.1296921968460083,0.5790332407295369,7219.418531628725,8353.863543280566,0.24750570952892303,14427.2607421875,0.994354248046875,0.942718505859375,4067.0009765625,3.2652509212493896,0.18978874385356903,0.5829893143418362,2065.2877997614237,2371.0181107944345,0.3738066554069519,4067.0009765625,0.3122200532615702
0.7421096738121559,1.4819086484872241,0.000494058108199464,0.00033339309322731397,5487.7958984375,7.874197959899902,0.22005516290664673,5.138977779679418e-16,8.738188105093479e-17,2.356305983054822e-17,849.5291477032489,412.32125954448503,0.2766398052911443,0.13426787446453792,0.7421096738121559,1.0175214608510335,0.05054643750190735,4.988480759522013,4.988480759522013,4.521673083350808,0.9064228772898115,2.635704367875465,-2.958792852780436,977,2.4070086839506946,0.5921096738121558,0.976806640625,0.75897216796875,15071.7255859375,0.682746171951294,0.037393584847450256,0.31237420767287205,3438.025875054531,4708.018338230677,0.1774367243051529,15071.7255859375,0.97430419921875,0.734527587890625,25077.5234375,1.1200538873672485,0.041825637221336365,0.306382180036624,5479.316131995009,7683.306301054717,0.19272632896900177,25077.5234375,0.979217529296875,0.7891845703125,9268.6796875,1.249764323234558,0.07242009043693542,0.3263405185199882,2310.872109805977,3024.7457355326305,0.27182531356811523,9268.6796875,0.4617112355994166
0.22268208864447298,1.489216003768056,0.0006811812007550522,0.00045740926704488033,28339.3046875,49.507633209228516,0.43288129568099976,1.048108961610187e-15,4.683223665531074e-17,1.5369394379299386e-17,978.8111499444128,502.4998674672199,0.38602313151130696,0.1981756873475839,0.22268208864447298,2.3121172189712524,0.11704959223667781,22.476342349244074,4.866369490490361,22.476342349244074,4.618708545079926,14.204232464429182,-2.3535045796075993,978,1.3462315493381347,0.07268208864447298,0.983428955078125,0.850677490234375,85316.671875,0.7091706991195679,0.05309832841157913,0.4092490762291506,28737.016763963824,34915.76914898179,0.16364476084709167,85316.671875,0.983673095703125,0.849090576171875,84487.7734375,1.0455846786499023,0.05328120291233063,0.4073072863751129,28243.761218812106,34412.485724571154,0.17123185098171234,84487.7734375,0.98828125,0.882659912109375,5285.78857421875,5.181596279144287,0.24476924538612366,0.46411966208524413,1983.318461455593,2453.238407061084,0.6587860584259033,5285.78857421875,0.06225736392814731
0.8696516632502267,2.191647471310008,0.0007241492739160219,0.00033041320896520733,5805.89599609375,8.88990592956543,0.24781204760074615,2.4181324628215085e-16,7.780178118824706e-17,1.786590351671088e-17,911.8322627156851,456.7043082034705,0.31694475586506343,0.1587463411691165,0.8696516632502267,1.5288678407669067,0.05471042109032472,4.915138442111927,4.915138442111927,3.061882567821009,0.6229494049623118,1.7326992032697883,-1.8066467667976134,979,2.625292595803346,0.7196516632502267,0.981781005859375,0.8123779296875,24346.767578125,0.8674163818359375,0.04332784190773964,0.3377092192382731,6610.398652325681,8222.127868083771,0.17275837063789368,24346.767578125,0.9788818359375,0.78094482421875,18335.9296875,0.7558580636978149,0.029830818995833397,0.29647827276355543,4304.691303725954,5436.204763216342,0.12931978702545166,18335.9296875,0.97625732421875,0.74554443359375,6896.18017578125,2.9633290767669678,0.09097260236740112,0.28891091050873563,1545.1791139423544,1992.3816937781462,0.3893565535545349,6896.18017578125,0.3231370376086878
0.28075314265607,1.5318324906081082,0.0005301250211130412,0.0003460724487588011,13669.3095703125,25.085268020629883,0.27390044927597046,2.8731567945484396e-16,3.538757538097453e-17,1.409223048159335e-17,1015.2698961241192,500.0198089849654,0.27780802998426607,0.13682028652432363,0.28075314265607,1.7215642929077148,0.1466126243273417,9.877797562697776,4.848085733867079,9.877797562697776,2.037463465980983,4.090945597378213,-0.968091354987842,980,1.286217604128331,0.13075314265607,0.991180419921875,0.912109375,26566.2421875,0.6421129703521729,0.10568538308143616,0.6441531917786655,14851.45140821067,17112.729697209794,0.19145619869232178,26566.2421875,0.99310302734375,0.93170166015625,10360.138671875,1.1423840522766113,0.21395723521709442,0.6821106610608105,6329.492459587076,7066.761037955802,0.35268548130989075,10360.138671875,0.986053466796875,0.856903076171875,24562.701171875,3.3801958560943604,0.12019525468349457,0.6007839811215776,12029.336853749559,14756.877397325416,0.2355658859014511,24562.701171875,1.3303606040037328
0.9798065773258287,1.385802454758373,0.00047477223087264266,0.0003425973371907639,7335.22705078125,14.91207218170166,0.12013553828001022,7.332931791213186e-17,2.642415757655629e-17,5.9563732755507176e-18,970.9550638751168,498.2447144199879,0.4516736872497816,0.23177594482759223,0.9798065773258287,0.8314322233200073,0.03989885374903679,4.921429558606158,4.921429558606158,0.6881737592507706,0.13983208558727692,0.2998410368244119,-0.6691993621080932,981,0.2013045127405454,0.8298065773258286,0.986083984375,0.702667236328125,16991.53515625,0.46930742263793945,0.026912283152341843,0.4466459992838744,5683.621933013615,7589.201200406247,0.0767606794834137,16991.53515625,0.969451904296875,0.662322998046875,23895.9921875,0.8586419820785522,0.041278280317783356,0.413992496427026,6875.796354628465,9892.761458145098,0.1258552521467209,23895.9921875,0.9498291015625,0.69775390625,5740.03515625,1.1663472652435303,0.05150599777698517,0.42509761013015385,1722.1154624275969,2440.0752273516387,0.1500874161720276,5740.03515625,0.28077193849323895
0.27558643734788263,2.1987641646070935,0.0006946897246835801,0.0003159455369820061,36088.5390625,66.33601379394531,0.22992336750030518,9.82269550378483e-16,6.325185896504861e-17,2.2533076543972884e-17,1000.6528654927899,538.1856137383968,0.34918439706153914,0.18780340867548395,0.27558643734788263,0.7107059160868326,0.09581862390041351,17.672009625454013,4.939993315750945,17.672009625454013,3.5773347241397295,11.757880581325377,-3.1085415686709386,982,1.2915966165282466,0.12558643734788263,0.990692138671875,0.9041748046875,9741.9267578125,0.7760661840438843,0.12704426050186157,0.5505147639391818,4622.971913081269,5363.074508718771,0.2916879653930664,9741.9267578125,0.990966796875,0.9022216796875,111968.9765625,0.7546623945236206,0.07026880979537964,0.5463726951409894,52464.79989233554,61176.79150405983,0.17472702264785767,111968.9765625,0.989837646484375,0.907073974609375,21056.302734375,0.6013891696929932,0.09014280140399933,0.5534068999141513,10075.532836400213,11652.703222171627,0.2067718356847763,21056.302734375,0.3460052001908178
0.7838224460499242,1.16427409600186,0.0006066830530331025,0.0005210826686915598,10754.005859375,26.745037078857422,0.14604584872722626,6.088831932827041e-16,9.247484671435197e-17,2.2973963482591883e-17,920.3008097566304,425.54466364103547,0.4104724120202219,0.18980135913741264,0.7838224460499242,0.8568119208017985,0.06676632165908813,4.740392999444455,4.740392999444455,3.847746609010389,0.8116935894263031,2.4159927993150125,0.15366958924786456,983,2.4715939099300486,0.6338224460499242,0.9866943359375,0.86083984375,18635.419921875,0.7228095531463623,0.06680174171924591,0.5652130016327797,8478.85440399591,10532.981631051794,0.14784303307533264,18635.419921875,0.986785888671875,0.870452880859375,24480.82421875,0.5890183448791504,0.05963049829006195,0.5673532582529921,11264.030781609039,13889.27538838965,0.13250136375427246,24480.82421875,0.987152099609375,0.858489990234375,11621.4912109375,1.2586078643798828,0.07386672496795654,0.5648428797669275,5276.638036023607,6564.316563177429,0.1568659543991089,11621.4912109375,0.5390771595519145
0.9847861729493571,1.7041265917092092,0.0007313071522463796,0.00042913898286916076,7536.26171875,15.641172409057617,0.7303112745285034,1.466757149478115e-16,3.383605739483727e-17,7.716974754588326e-18,1004.9159960079095,436.04867862759465,0.7237215794763089,0.3140340482971439,0.9847861729493571,3.3088010946909585,0.16994545236229897,4.903890781825383,4.903890781825383,1.1085926641697297,0.22606389772756655,0.6428767775423283,-2.2829913133097546,984,0.17465715606540352,0.8347861729493571,0.987518310546875,0.872833251953125,21207.0546875,1.3398027420043945,0.03150782361626625,0.45447510784686174,7949.676250681013,9638.07846516367,0.09451242536306381,21207.0546875,0.985595703125,0.85540771484375,20033.25390625,1.6558163166046143,0.03765387088060379,0.4393425361727403,7048.28380114562,8801.46057814162,0.10724736005067825,20033.25390625,0.988311767578125,0.87945556640625,337.282470703125,6.930784225463867,0.44067466259002686,0.4912539885373263,139.71495677525095,165.69135897567494,1.1830390691757202,337.282470703125,0.016356932438388223
0.869505252920236,2.0305785695460203,0.000778961316243059,0.00038361545222907213,8344.5380859375,12.59065055847168,0.2150314599275589,1.881957862189169e-16,3.482413342089134e-17,1.4638418230158792e-17,950.5000166619899,482.9038036164494,0.5591122684640547,0.28405832336342607,0.869505252920236,0.5005945165952047,0.08377627655863762,4.982224174556471,4.982224174556471,2.389843210534518,0.47967396223138986,0.795146437822364,-0.5175621737253975,985,2.6249960954446987,0.7195052529202359,0.990936279296875,0.9095458984375,10914.1953125,0.5107324719429016,0.138864666223526,0.5600157155671067,5336.539967560122,6112.120896634403,0.2899940609931946,10914.1953125,0.98944091796875,0.894439697265625,23951.62890625,0.3058583736419678,0.03656478598713875,0.4834670247726692,10006.12005785025,11579.822767415526,0.10417742282152176,23951.62890625,0.990142822265625,0.90185546875,12118.931640625,0.6851927042007446,0.07589937746524811,0.5049224060915044,5342.604156880801,6119.120123488624,0.17919397354125977,12118.931640625,0.6951753995310819
0.605842468193227,1.7971112448633415,0.0007286667580999145,0.0004054655827137317,11355.2568359375,20.37019920349121,0.1906936764717102,5.682338250936452e-16,1.0960770444712563e-16,2.7388654645754318e-17,986.110807175244,558.0202084082428,0.43204335473227534,0.2444846168350087,0.605842468193227,0.6411192019780477,0.07282248636086781,5.013837930387269,4.981598845006549,5.013837930387269,1.0064716341848834,2.311024730928705,2.707178879502905,986,0.9199719560802389,0.45584246819322694,0.991180419921875,0.910003662109375,8962.7041015625,0.906801700592041,0.13974368572235107,0.5699658528476423,4416.102616185614,5108.435286075184,0.3029472231864929,8962.7041015625,0.991363525390625,0.9085693359375,23575.92578125,0.4268075227737427,0.044336676597595215,0.581305877689556,11750.842553519513,13704.82423030056,0.10012168437242508,23575.92578125,0.9879150390625,0.878387451171875,23546.2734375,0.5897483825683594,0.034387096762657166,0.5584501045927469,10980.241063874317,13149.418867590828,0.08474728465080261,23546.2734375,1.44728118684171
0.19632276281956343,2.095232983887264,0.0007885276920557532,0.00037634368021106945,14172.177734375,34.49391174316406,0.5225425958633423,6.821861775278247e-16,3.8849221276659465e-17,1.0990711714014122e-17,1041.619238071114,489.820726196286,0.360317877982518,0.16943923288295898,0.19632276281956343,4.88278063138326,0.07975209504365921,28.95325073265465,4.73302988124906,28.95325073265465,6.117276133700176,16.348789699757162,1.215101658160096,987,1.3731900427871089,0.046322762819563434,0.959228515625,0.579376220703125,114329.9375,2.869978427886963,0.06293416768312454,0.19568219715262228,16307.41303185925,22372.333373434027,0.472407728433609,114329.9375,0.961944580078125,0.571929931640625,46426.25,2.7231857776641846,0.07340703904628754,0.1942168281927741,6619.3388765675445,9016.759011476917,0.50600266456604,46426.25,0.9482421875,0.66357421875,18633.34765625,9.055177688598633,0.10291507840156555,0.2443393072098709,3561.5600849707125,4552.859256310616,0.5619540810585022,18633.34765625,0.2318212187789039
0.4322264230229516,1.2673850125919188,0.000773443750279578,0.0006102673951444435,10615.0498046875,14.285211563110352,0.36723312735557556,7.12549434535329e-16,7.073624260984134e-17,1.822388643838004e-17,971.9267008630707,596.5890635696474,0.5915121971294528,0.36308263520502004,0.4322264230229516,1.5388503472010295,0.10758588959773381,8.89791373966369,4.715453693811039,8.89791373966369,1.8869687452009263,2.635770955832469,2.751283353856633,988,2.0177566082138423,0.28222642302295164,0.9791259765625,0.76861572265625,6421.875,2.3874897956848145,0.18152478337287903,0.43481342245800697,2159.5822048951277,2792.3174469244273,0.531167209148407,6421.875,0.985137939453125,0.847686767578125,27446.279296875,1.3317019939422607,0.05948974937200546,0.41683713411236784,9220.969973498432,11440.628401792277,0.18821457028388977,27446.279296875,0.984161376953125,0.838134765625,34176.33984375,0.8973592519760132,0.08174313604831696,0.41312893597684597,11177.043212910065,14119.234920468793,0.2700808644294739,34176.33984375,2.0181991344537744
0.9925567651864525,1.6060839222583085,0.000777545348460959,0.0004841249810705131,9598.533203125,12.10619068145752,0.35932648181915283,4.7760572474811283e-17,1.0175830624063437e-17,3.618343025542804e-18,1022.1607944179627,589.9440688087153,0.49117026388971785,0.2834808237014676,0.9925567651864525,1.9084569215774536,0.10285112510124843,4.922191685578231,4.922191685578231,0.6009161517411099,0.12208304554691833,0.376991699784646,1.5765348669015218,989,0.12208592719120907,0.8425567651864525,0.935760498046875,0.767120361328125,30672.51953125,1.8422377109527588,0.0874510183930397,0.383196367454494,8936.50102970447,11753.598068095413,0.27686285972595215,30672.51953125,0.979034423828125,0.786224365234375,28778.16015625,1.7022918462753296,0.08330009877681732,0.40549620516810286,9198.728843938668,11669.434734878696,0.24476057291030884,28778.16015625,0.97845458984375,0.784942626953125,3552.500732421875,2.1808412075042725,0.13780225813388824,0.40526158403866286,1134.3852633169827,1439.6920740599892,0.49528640508651733,3552.500732421875,0.11951085340303746
0.9740797974734041,1.7376557816929623,0.0007589898138283229,0.0004367895079247829,7479.38818359375,17.01783561706543,0.5777173638343811,1.330453357247794e-16,3.281163150665492e-17,1.2717798087467975e-17,1011.7632189756051,501.77274753671884,0.7480133877155776,0.3709689438288861,0.9740797974734041,2.067509333292643,0.17376059293746948,4.966234351273552,4.966234351273552,1.4937128438517264,0.3007737328119998,0.8379573834626127,-2.407370943657721,990,0.2281795747655751,0.8240797974734041,0.984832763671875,0.839080810546875,17743.46875,0.6579697132110596,0.05085054785013199,0.47896911755684596,6821.112470553868,8498.573568962329,0.13729752600193024,17743.46875,0.9674072265625,0.675262451171875,21472.2421875,1.8082985877990723,0.051511459052562714,0.4544506199743053,7086.359870246393,9758.073774880184,0.14671795070171356,21472.2421875,0.986175537109375,0.85809326171875,1219.722900390625,3.736259698867798,0.41891977190971375,0.5040590644063186,503.9787020306926,614.8123839150172,0.9337515830993652,1219.722900390625,0.06220582879828736
0.8109285257211497,1.8803833688962477,0.0007767681582567561,0.0004130903150418233,5543.19775390625,9.263643264770508,0.1321088820695877,1.7883908333284284e-16,3.335471396973184e-17,1.2547326608080863e-17,1037.7926339059788,441.7071371431134,0.6183387722190926,0.263178442338248,0.8109285257211497,0.7965848247210184,0.030617688472072285,4.716724135138918,4.716724135138918,3.2522307546092786,0.6895104868187278,1.5695167996504618,-1.3863479020284717,991,2.5165335311697388,0.6609285257211497,0.97491455078125,0.7366943359375,25540.056640625,0.6462745070457458,0.023890389129519463,0.30105170182202856,5657.922770087971,7688.877519253356,0.11029757559299469,25540.056640625,0.9764404296875,0.758209228515625,13149.9248046875,0.8185425996780396,0.03250490874052048,0.3188226915872526,3127.3289847770307,4192.494420203903,0.1340801864862442,13149.9248046875,0.976165771484375,0.75042724609375,12704.40625,0.92493736743927,0.03545776754617691,0.30974564502091156,2909.0700174874537,3935.1345104377165,0.14795739948749542,12704.40625,0.6567284746805795
0.6438500854996095,1.7087603605114732,0.0007873215323677109,0.00046075596705207197,7704.91259765625,12.941468238830566,0.19503115117549896,2.55308347479957e-16,6.306975307354074e-17,1.8811818258881307e-17,1019.7546730368632,497.1109132785202,0.5169310162322598,0.25199399068791806,0.6438500854996095,1.3593955039978027,0.04683781911929449,6.480423892552247,4.889773846119417,6.480423892552247,1.3253013526781385,3.6553144823176824,-1.7345347520258227,992,2.270315799724885,0.4938500854996095,0.976806640625,0.740997314453125,40372.05859375,0.8313865065574646,0.03609864413738251,0.2787035648612875,8851.164522789993,11251.836646573072,0.1649661362171173,40372.05859375,0.935272216796875,0.705841064453125,18038.748046875,2.2690589427948,0.041299834847450256,0.30205762856631907,4135.355020643265,5448.741457826938,0.1767473816871643,18038.748046875,0.97760009765625,0.75311279296875,13346.8779296875,0.9777410626411438,0.06311497837305069,0.3498586844892186,3623.266222691138,4669.521154394215,0.2235453724861145,13346.8779296875,0.45700029488737387
0.365475621015525,1.5449082092882236,0.0006879524596609392,0.0004453031290304914,11119.70703125,16.532655715942383,0.22383733093738556,2.7356796889122937e-16,3.831784460564765e-17,1.3321663378955267e-17,919.2344227860548,519.0954883410129,0.37532088145100384,0.21194525728366131,0.365475621015525,1.6480408509572346,0.043585612128178276,11.703444759189738,4.766194240923937,11.703444759189738,2.45551149776913,7.034955252009377,1.3976152298478777,993,1.1966526055304978,0.215475621015525,0.938385009765625,0.63092041015625,68697.953125,1.3252589702606201,0.024919938296079636,0.2684309956565734,13233.450131120117,18440.659951913854,0.12790071964263916,68697.953125,0.951324462890625,0.50848388671875,17444.041015625,2.822504997253418,0.059445250779390335,0.23553727006084738,2679.6681518879614,4108.721800884155,0.31345489621162415,17444.041015625,0.98773193359375,0.773651123046875,13620.0654296875,0.796358585357666,0.046391647309064865,0.2747569672961126,2925.2579619129774,3742.2078724184535,0.21662457287311554,13620.0654296875,0.3162235925825685
0.8747012036854133,2.1257996727374797,0.0007310203718906108,0.0003438801789583709,11093.8564453125,18.722496032714844,0.131527379155159,1.689837997452866e-16,3.5854906640325113e-17,1.0235715290395278e-17,1013.4327837819378,534.9697311073794,0.6062389439688172,0.3200207157612579,0.8747012036854133,1.185132622718811,0.04679796968897184,4.991464084437464,4.991464084437464,2.6563439166232863,0.5321773074367729,1.3978604945287672,-1.5000721312752177,994,0.5059773574799914,0.7247012036854132,0.983428955078125,0.826629638671875,26928.798828125,2.441610336303711,0.039669930934906006,0.4623099368888025,9670.545509130965,12449.451286701207,0.11497822403907776,26928.798828125,0.98675537109375,0.869384765625,26420.919921875,0.40365904569625854,0.038843486458063126,0.47701680720722534,10292.201343647943,12603.222864599116,0.10666016489267349,26420.919921875,0.98699951171875,0.86737060546875,15652.7001953125,0.7101284861564636,0.06188049167394638,0.4754772100800999,6057.963959999675,7442.502217700498,0.16467416286468506,15652.7001953125,0.586795978013005
0.9336777482624335,1.5231786203697766,0.0007119983389176915,0.00046744244528907725,9278.0625,16.382007598876953,0.2309560775756836,6.516762936345156e-17,1.3769531776900738e-17,6.622038927138166e-18,1019.1983893532115,526.9825212232759,0.53315475345913,0.2756708008127515,0.9336777482624335,1.1772674322128296,0.064628799756368,4.948815849991192,4.948815849991192,1.3092002571909205,0.2645481862480801,0.4984969765687361,-1.0131941801238074,995,0.3662474773954914,0.7836777482624335,0.939788818359375,0.62359619140625,27736.837890625,1.319136381149292,0.0693129375576973,0.39929048641351494,7296.7266033637325,11075.05549391614,0.2506808936595917,27736.837890625,0.9569091796875,0.685150146484375,25801.30859375,0.6511138677597046,0.05828779190778732,0.39712484008809984,7039.134329290795,10246.340547349915,0.20998145639896393,25801.30859375,0.93572998046875,0.59130859375,14011.4853515625,1.5615520477294922,0.06628566980361938,0.39481878850543034,3643.6322771106097,5531.997672342026,0.23017598688602448,14011.4853515625,0.5234206363737947
0.9940500743251149,1.585333956537813,0.0006028556437266597,0.00038027044159403927,10954.2744140625,18.137205123901367,0.1520415097475052,6.962010658216288e-17,1.8512272008940334e-17,4.754216916907169e-18,990.7503039706637,607.6372795027828,0.374511402921745,0.22969166812476494,0.9940500743251149,0.4990817407766978,0.06260532016555469,4.962391976788249,4.962391976788249,0.5635595726774001,0.113566113945345,0.31271655034966755,-1.876073222658527,996,0.1091406003623462,0.8440500743251149,0.9891357421875,0.89068603515625,20960.66015625,0.40753206610679626,0.059692442417144775,0.5247025974183982,9293.645593309648,10998.112827316085,0.13258321583271027,20960.66015625,0.98663330078125,0.8665771484375,30627.53125,0.48175984621047974,0.04246588423848152,0.5031102921061829,12520.241383557735,15409.026193161535,0.10612927377223969,30627.53125,0.9866943359375,0.865814208984375,2510.92578125,0.6079533100128174,0.08565763384103775,0.5024703782381169,1024.2795600615777,1261.665826601248,0.20258153975009918,2510.92578125,0.09734498197375444
0.9999419366400238,1.2147133869267281,0.0005155837446235177,0.00042444888660358353,8648.4521484375,16.402067184448242,0.7517308592796326,9.917860948352664e-18,2.3109082281065538e-18,5.181859078612485e-19,1029.7801968173328,521.0317061107014,0.45728978504424705,0.23137216818208448,0.9999419366400238,1.6284747123718262,0.1531476266682148,4.984881732459564,4.984881732459564,0.05870630889572542,0.011776870956326471,0.03912363119525604,-2.944957614389852,997,3.1308163906125723,0.8499419366400238,0.984771728515625,0.78509521484375,22509.265625,2.392428159713745,0.03570939972996712,0.40778246693964,6702.931392160317,9178.883865682175,0.11279135942459106,22509.265625,0.991424560546875,0.8065185546875,27388.267578125,0.4097325801849365,0.04536820203065872,0.4322160464509085,9256.289727487747,11837.648735211156,0.1343996673822403,27388.267578125,0.985321044921875,0.7686767578125,180.30455017089844,2.083263397216797,0.37836527824401855,0.40520507878416984,52.11487166278519,73.0603194461342,1.3217127323150635,180.30455017089844,0.007226992542373067
0.9876608462052446,2.093892619622962,0.0006510051593790552,0.0003109066593378025,12460.8388671875,23.09823226928711,0.1917581856250763,6.80135579009272e-17,1.6813125138465976e-17,5.095906866202677e-18,897.8419736534723,546.3719736743149,0.275700634955624,0.16777462458232614,0.9876608462052446,1.6602388819058735,0.07410052418708801,4.992169435583617,4.992169435583617,0.5397861935218864,0.10812657712984493,0.2440671471479808,-0.9343292681575441,998,2.9843373617171935,0.8376608462052446,0.991912841796875,0.92742919921875,30236.716796875,0.3633047938346863,0.07219275087118149,0.5311383239431015,13028.398616580824,16059.879077869411,0.1944250911474228,30236.716796875,0.985626220703125,0.856719970703125,26137.154296875,2.131556987762451,0.057732753455638885,0.5371369816622044,11542.50128640356,14039.232164462934,0.14430031180381775,26137.154296875,0.972259521484375,0.8427734375,6179.92724609375,2.4858548641204834,0.09237606823444366,0.5317212392842214,2655.049437095052,3285.9985729903296,0.2280759960412979,6179.92724609375,0.21924792909170646
0.9445755927377453,1.6858436828182943,0.0007501778237913722,0.0004449865853145228,9955.486328125,18.068073272705078,0.7579599022865295,2.7784399242864814e-16,5.15233909408552e-17,1.480569797530471e-17,1037.6509820759907,529.1220489314933,0.6682652961986967,0.3407638106283513,0.9445755927377453,1.3642070690790813,0.19577346866329512,4.805766580019488,4.805766580019488,1.9259027898629413,0.40074830056667704,1.3203642827973763,-2.5388450247090777,999,0.3344969034652588,0.7945755927377453,0.981964111328125,0.737335205078125,26735.359375,1.044714331626892,0.04063008353114128,0.46386803309354663,9120.10029372052,12401.67856730671,0.11430113762617111,26735.359375,0.979248046875,0.78216552734375,25633.669921875,1.5607304573059082,0.04979298263788223,0.46341192297931316,8851.099620201396,11878.948272481062,0.13738518953323364,25633.669921875,0.991302490234375,0.91302490234375,2658.45654296875,1.4871764183044434,0.4968973398208618,0.5856557883797185,1356.6257038866797,1556.9404625081133,1.1289819478988647,2658.45654296875,0.10152781438426957
