sample_index,macro_nmae,global_rel_l2,macro_mre_eq5,x_nmae,y_nmae,z_nmae,x_rel_l2,y_rel_l2,z_rel_l2,x_mre_eq5,y_mre_eq5,z_mre_eq5,x_curl_max,y_curl_max,z_curl_max,field_rms,curl_rms,theta,phi,abs_cos_theta,k_max,k_mean,kd_axis_max,kd_axis_mean,cell_min_m,cell_max_m,cell_anisotropy,max_abs_amp,max_abs_ez_amp,mean_abs_ez_amp,khat_z_abs
800,0.14776896685361862,0.5763908624649048,1.6121935844421387,0.04098065197467804,0.033782266080379486,0.36854398250579834,0.12616275250911713,0.09363410621881485,0.9106366038322449,1.0064932107925415,0.8870033025741577,2.943084239959717,20007.908203125,27083.212890625,1725.6558837890625,15.613985061645508,8837.0546875,0.2643450276329999,-2.68474101691986,0.9652638371954342,1031.7708469838071,561.9246718463526,0.7638752430914779,0.4160229440098419,0.0006065671234592334,0.0007669960835294985,1.2644867383437197,4.981532786779591,1.7568992723808328,0.925096329464111,0.9652638371954342
801,0.0393473245203495,0.14285315573215485,0.8284762303034464,0.024834848940372467,0.055641479790210724,0.03756564483046532,0.08671664446592331,0.19693511724472046,0.12765561044216156,0.5677745342254639,1.0252041816711426,0.8924499750137329,28938.197265625,19385.50390625,5760.111328125,8.562435150146484,7682.12890625,0.20710814368936964,0.07464517540280591,0.9786296604090798,1025.3454901798777,587.3012424234266,0.35263449784635065,0.2019833126395188,0.00035142786715198777,0.0006809280614699124,1.9376040579485982,4.8489570129367285,0.8853113170487418,0.44402223703133104,0.9786296604090798
802,0.04929544652501742,0.18290217220783234,2.1902827819188437,0.06164822727441788,0.04550729691982269,0.04073081538081169,0.21600426733493805,0.16297274827957153,0.15843117237091064,0.5828893184661865,4.574581146240234,1.4133778810501099,15163.2568359375,15604.900390625,14292.8544921875,9.492915153503418,5423.5712890625,0.6237713342277289,1.9212046381501162,0.8116813961942293,1037.9844238146393,562.5938278191081,0.33544990632087807,0.1818158755649358,0.0003981541497023797,0.0004975960349946918,1.24975724946392,4.354297353403366,2.602261022126754,0.9131547166921015,0.8116813961942293
803,0.0802608293791612,0.21153493225574493,1.1972400744756062,0.0594339445233345,0.0437246672809124,0.1376238763332367,0.14602355659008026,0.10726788640022278,0.33278587460517883,1.0019818544387817,0.7010318040847778,1.8887065649032593,25017.9453125,50945.86328125,12865.88671875,26.09041976928711,18784.37890625,2.133143130278549,0.31327997457629886,0.5331730745920654,1036.6204785971352,558.6949758478412,0.4760432903242342,0.25656737454208334,0.0005705883581076256,0.0007322088887770733,1.2832524154636933,7.899752185553891,7.899752185553891,4.4016573592168005,0.5331730745920654
804,0.212314339975516,0.9746663570404053,1.265523095925649,0.04626500606536865,0.045285023748874664,0.5453929901123047,0.14747768640518188,0.15204650163650513,1.4815118312835693,1.4144282341003418,0.29639190435409546,2.0857491493225098,19072.158203125,21474.462890625,190.9167938232422,11.29223918914795,6173.599609375,0.035636987811452414,-2.2280224458700975,0.9993650697506453,1002.4392226553506,483.44077542950447,0.7768646849589602,0.37465420068612165,0.0003179475496893716,0.0007754667172433503,2.4389768626962707,4.830527749621338,0.21627217770184853,0.10884762860012591,0.9993650697506453
805,0.1864902228116989,0.471486896276474,1.967346429824829,0.28554826974868774,0.18560872972011566,0.08831366896629333,0.6758044362068176,0.39929741621017456,0.23701372742652893,1.9654567241668701,2.828335762023926,1.1082468032836914,9175.3466796875,17216.751953125,39963.01953125,19.248315811157227,12611.025390625,1.8179904564226936,2.456503062322402,0.24468434627072144,1023.6741851617958,565.967660188871,0.5500391775560305,0.3041049494516604,0.0003496433162979043,0.0007156386373963142,2.046767674479364,9.81299909760821,9.81299909760821,5.252313342273348,0.24468434627072144
806,0.041192460184295975,0.14081253111362457,0.8648217419783274,0.026636825874447823,0.06316204369068146,0.033778510987758636,0.08967643976211548,0.19930067658424377,0.11499613523483276,0.2831832468509674,1.517455816268921,0.793826162815094,16673.3203125,9014.76953125,11933.4521484375,13.825791358947754,5050.6650390625,2.3899242198619146,-1.327181451529371,0.7305505819136544,840.3695067127218,393.5029885051875,0.3243519169790781,0.15187777238362465,0.0005029717608207788,0.0007152627194176774,1.4220733153099285,4.882664786804885,4.110422637922713,1.927288639627466,0.7305505819136544
807,0.07054329911867778,0.20588049292564392,0.9713038404782613,0.07596749067306519,0.07110677659511566,0.06455563008785248,0.1986413151025772,0.21920019388198853,0.20176617801189423,0.6221895813941956,1.0689291954040527,1.2227927446365356,8483.5634765625,15526.982421875,12927.580078125,14.783696174621582,5195.63916015625,0.6318465204456564,-1.0243248351176364,0.8069382635492072,981.7848155629296,406.7191743404462,0.6317908762270612,0.2617289037899435,0.00043791879306547975,0.0007974743615020801,1.8210553511980423,4.8128000003536,2.382552512513419,1.0419888076065227,0.8069382635492072
808,0.08664253602425258,0.35349929332733154,2.343874752521515,0.08154971897602081,0.049466900527477264,0.12891098856925964,0.31362271308898926,0.20776818692684174,0.4810774326324463,0.8327808976173401,1.6730087995529175,4.525834560394287,29710.689453125,24401.3125,5075.85400390625,13.125821113586426,7748.8505859375,0.20590545200724492,1.5674572080205813,0.9788762629128607,1022.6591195244841,546.535695421992,0.6774657969182106,0.36205538421783334,0.00036835475318500464,0.0006767506493631138,1.837225238744832,4.990881753389238,1.043882905963928,0.64664178632317,0.9788762629128607
809,0.07655378555258115,0.17095467448234558,0.7616292039553324,0.05671517178416252,0.08026959002017975,0.09267659485340118,0.12455756217241287,0.1799711436033249,0.20035728812217712,0.3633561134338379,1.0685272216796875,0.8530042767524719,63224.359375,23957.734375,17447.474609375,39.2791633605957,23485.109375,1.1624119533429949,-1.8214534900434665,0.3971270836451632,942.2363004952314,485.55611052994726,0.30257218597248803,0.15592243017821267,0.0003611825664899093,0.00045857812192478793,1.269657410049994,12.791618862551966,12.791618862551966,6.148147905282538,0.3971270836451632
810,0.14694890131553015,0.3768051564693451,0.9481757879257202,0.2733301520347595,0.10606583952903748,0.061450712382793427,0.5843455791473389,0.2447739541530609,0.14597690105438232,1.171417236328125,0.9644966125488281,0.7086135149002075,4680.486328125,16432.68359375,25600.68359375,17.9468994140625,9523.7119140625,1.9660278297046474,2.6529221376485195,0.385021854885049,978.4333926535218,463.3692827252545,0.45891566426555513,0.21733459199037752,0.00047427333659433453,0.0007917089689916945,1.6693094633504049,9.499082527611826,9.499082527611826,2.9801993075471254,0.385021854885049
811,0.03711304999887943,0.20332269370555878,1.1148743033409119,0.022956473752856255,0.027002915740013123,0.06137976050376892,0.17588955163955688,0.15216101706027985,0.22901420295238495,1.1228787899017334,0.8497006297111511,1.372043490409851,28040.884765625,23856.994140625,7939.0048828125,8.508037567138672,4535.26171875,2.5033200934396125,-1.9820907097711504,0.8031261798287677,1041.6542380666024,496.09707150872873,0.3357701569766895,0.15991351591420416,0.0003876428343383218,0.0005902414007524739,1.5226423616470897,4.946273955266237,4.184348834261472,2.3658733129680196,0.8031261798287677
812,0.1609493928651015,0.6046819686889648,1.4562930862108867,0.041766710579395294,0.029715124517679214,0.41136634349823,0.13062411546707153,0.08724766224622726,0.9045101404190063,0.6534400582313538,0.5240682363510132,3.191370964050293,24146.62890625,20462.6640625,339.43658447265625,12.351798057556152,7803.7265625,3.0939280002185248,-2.3226243946513243,0.9988642554605771,987.519687959805,521.2150032870055,0.6218481880561176,0.3282128035860288,0.00036882587050524306,0.0007172365312728642,1.9446481080363052,4.811114591073623,0.29621462493213063,0.16675596608982285,0.9988642554605771
813,0.18723546713590622,0.6158661842346191,1.2347485820452373,0.05103352665901184,0.4609137773513794,0.04975909739732742,0.1662260740995407,0.8474703431129456,0.13917750120162964,0.9390762448310852,1.8220648765563965,0.94310462474823,33886.8359375,2262.9326171875,19024.447265625,19.598594665527344,9446.30078125,1.1677639584305846,1.7508152275625628,0.39220954384841017,977.0565955066526,441.4562136963468,0.527472265427755,0.2383238700771717,0.0005965214366120992,0.0007836261779465012,1.313659710868146,9.8497983056959,9.8497983056959,4.174946902995925,0.39220954384841017
814,0.10645719120899837,0.23503842949867249,0.6909797191619873,0.0923902615904808,0.08130072057247162,0.14568059146404266,0.19584350287914276,0.17533239722251892,0.3054467737674713,0.5046162605285645,0.532017707824707,1.0363051891326904,63596.703125,27665.646484375,16634.498046875,32.67966842651367,23048.34765625,1.0353853040801504,-1.8384220829659275,0.5101945862999671,1013.5691576624376,583.1680199667397,0.4336343143828164,0.24949621108388365,0.000515803338067705,0.0007251854968152735,1.405934090174664,9.426369949940984,9.426369949940984,5.402146284541285,0.5101945862999671
815,0.05406038463115692,0.16173824667930603,2.1008554697036743,0.0681569054722786,0.02970399707555771,0.06432025134563446,0.17925629019737244,0.09029772877693176,0.1942313313484192,1.2394908666610718,1.329458236694336,3.7336173057556152,17503.14453125,27159.197265625,8777.6279296875,15.537336349487305,8364.220703125,0.2693939209782739,-1.1535246091685436,0.963932379672371,1042.0259887630893,523.5216025112146,0.6452980957093201,0.32420256001886094,0.0005072155489813389,0.0006661565476469092,1.3133598703446252,4.973338808210832,1.1001564952079335,0.3699654947356515,0.963932379672371
816,0.08144290248552959,0.25401031970977783,0.8409897287686666,0.04981313645839691,0.06374135613441467,0.13077421486377716,0.1612687110900879,0.1947992593050003,0.3765013813972473,0.6861266493797302,0.4420320987701416,1.394810438156128,16678.470703125,15591.2001953125,2543.412109375,11.920066833496094,5797.5517578125,0.17910264787693006,1.476083152922869,0.984003949218836,994.4907083141466,461.99667067767575,0.45428849360419543,0.21104246607602956,0.0004356379285880248,0.0005229157290746154,1.2003448156350218,4.487041556727122,0.8456332512464292,0.47972016961839586,0.984003949218836
817,0.12627019733190536,0.40053796768188477,1.882975955804189,0.07491835206747055,0.10496671497821808,0.19892552495002747,0.2204809933900833,0.29074332118034363,0.5868362784385681,2.6044974327087402,0.8036381602287292,2.2407922744750977,26789.380859375,19649.080078125,2605.843017578125,9.722658157348633,7753.22607421875,0.7149473811645216,0.9175776910435678,0.7551277379911937,1000.1794235967144,496.85362857722555,0.3912508579666507,0.19435953577771814,0.0004355531388030786,0.0007513817398293668,1.7251207094826608,4.991207094047525,4.411384517958667,2.8540998996473412,0.7551277379911937
818,0.06813826970756054,0.2006329894065857,0.6793702840805054,0.030001793056726456,0.028672700747847557,0.1457403153181076,0.07825379818677902,0.07581139355897903,0.3002375066280365,0.5689972639083862,0.33004724979400635,1.1390663385391235,33192.21875,48869.046875,5297.009765625,24.37241554260254,17274.46484375,2.2628449343051464,0.5239319849191153,0.6381158257885573,1025.429703668174,618.6435156827008,0.4112213679626043,0.24809056329282814,0.00046464958910049097,0.0006015415502910336,1.2946133266910878,6.984794142782646,6.984794142782646,4.005569782756732,0.6381158257885573
819,0.1103331670165062,0.23417073488235474,1.6354908347129822,0.11388757824897766,0.1009058803319931,0.11620604246854782,0.24240685999393463,0.20114131271839142,0.2559816837310791,1.590453863143921,2.318720817565918,0.9972978234291077,22091.978515625,42973.90234375,40446.0546875,39.76239013671875,21759.09765625,1.4142996774302865,2.53728955695866,0.1558586326663248,1030.3701725132958,582.4378703784985,0.38680898278763376,0.21865171002433642,0.00046184598385725555,0.0005774109138728835,1.2502239578884073,21.260146364464287,21.260146364464287,7.967890220451913,0.1558586326663248
820,0.11063241958618164,0.5908281803131104,0.9680540760358175,0.040284473448991776,0.024407517164945602,0.26720526814460754,0.18251582980155945,0.11265377700328827,0.8070952892303467,0.6393792629241943,0.5945054888725281,1.67027747631073,27606.091796875,31296.146484375,2106.409912109375,7.529815196990967,6567.0244140625,2.503054346141135,-2.47012587219477,0.8029678168450559,977.4508197384439,542.0878541404804,0.36709964061957945,0.2035910681342104,0.00046772534626771535,0.0005741666591687768,1.227572257416507,4.765871039602973,4.057184435118067,2.5008356782274506,0.8029678168450559
821,0.041474162290493645,0.1386370211839676,0.8812283277511597,0.04061305522918701,0.02837992087006569,0.05542951077222824,0.13682815432548523,0.09312157332897186,0.17508773505687714,0.6267954111099243,0.745011568069458,1.2718780040740967,18213.09765625,24204.271484375,6558.00830078125,11.205320358276367,7066.18603515625,2.9205390863485654,-1.1971426531599934,0.9756669881662444,1022.7550369560122,479.7094721780255,0.6803508364225925,0.31910939456971543,0.00047502104742725673,0.0007375974308372754,1.5527678927747486,4.936882227812519,0.9583727160938503,0.2380622552083181,0.9756669881662444
822,0.06450272972385089,0.1495804488658905,0.5457809269428253,0.04990663751959801,0.07270419597625732,0.07089735567569733,0.11806535720825195,0.1630278378725052,0.16322283446788788,0.6020297408103943,0.4850129783153534,0.5503000617027283,27724.30859375,32442.169921875,16897.5078125,18.715381622314453,13596.46484375,2.7608347610497406,2.424714876167534,0.9283832510337193,1029.9546126594587,679.131919050343,0.4701176196491671,0.3099863598720357,0.000400459622313514,0.0005892251708824477,1.4713722384254557,4.863420021857345,0.9723819265509515,0.49516203169832185,0.9283832510337193
823,0.14835159728924432,0.526851236820221,0.8237656354904175,0.047358982264995575,0.3207423686981201,0.07695344090461731,0.19233189523220062,0.7114391922950745,0.24054129421710968,0.5848592519760132,1.26255464553833,0.6238830089569092,61149.6328125,2477.68310546875,17578.498046875,19.36497688293457,12916.51171875,1.2320804802664567,1.6316737180979377,0.33227617582855157,1015.992590997236,536.2063986449624,0.30180968763855304,0.15928490731018513,0.00031553847745668175,0.000606472879296126,1.9220251177746928,13.37543793047892,13.37543793047892,6.546149690467125,0.33227617582855157
824,0.07468871523936589,0.20772552490234375,4.194968859354655,0.07578743994235992,0.0478551983833313,0.10042350739240646,0.19826854765415192,0.1308053582906723,0.26992151141166687,2.5090935230255127,1.4380261898040771,8.637786865234375,32211.33984375,25487.8359375,15231.5849609375,16.760330200195312,12280.607421875,0.40854061462201624,3.014250055990585,0.917701570590504,966.1148298534822,600.8267471962565,0.6801721078002095,0.4229989877344066,0.00033115607472954,0.0007965721458287596,2.405428154924628,4.950405203348102,1.7422771777134436,0.7614066116981629,0.917701570590504
825,0.08329403400421143,0.35466355085372925,0.824183464050293,0.03452001512050629,0.03521573543548584,0.18014635145664215,0.13616035878658295,0.1726023554801941,0.4528830945491791,0.5336887836456299,0.5523389577865601,1.386522650718689,23051.412109375,22592.22265625,2972.02197265625,12.753361701965332,5464.34716796875,2.523720188491953,-2.2184759355741783,0.8151127863424245,908.6566743704509,454.65841536499727,0.30970276964482363,0.15496388729926366,0.00041814563009689407,0.0004337173578090181,1.0372399628055797,4.912746884966996,4.329321328251489,2.461595448068843,0.8151127863424245
826,0.06212918212016424,0.14855219423770905,6.885530332724254,0.08504720032215118,0.05424736440181732,0.0470929816365242,0.19258621335029602,0.12803243100643158,0.11593955755233765,18.793304443359375,1.040220022201538,0.8230665326118469,7862.0673828125,29674.791015625,19220.224609375,25.655664443969727,11481.5615234375,1.0212978675253719,3.0057979206109904,0.5222595874378603,1018.0141246791009,526.09352797002,0.4990751423044253,0.2579141054843805,0.0005802142547250506,0.0007197935513109083,1.2405650937548938,6.6220964955967725,6.6220964955967725,3.4756252615525876,0.5222595874378603
827,0.24433173735936484,0.9948068857192993,1.5596515734990437,0.04720963537693024,0.04631511867046356,0.6394704580307007,0.12758511304855347,0.11802418529987335,1.72674560546875,0.5965100526809692,0.6915862560272217,3.3908584117889404,29397.10546875,30835.509765625,2675.807373046875,16.82400131225586,12081.28515625,0.33674104127841353,-2.5604247515101712,0.9438364778664191,1003.1929512859422,648.6514639130729,0.5961568230245774,0.3854672179274887,0.00036543607499417083,0.00073120241883729,2.000903766408266,4.750327143090217,2.066664479516619,1.1844380970096449,0.9438364778664191
828,0.10316607356071472,0.3326451778411865,0.7070187926292419,0.13282115757465363,0.10909536480903625,0.06758169829845428,0.4200361967086792,0.32670512795448303,0.2045181542634964,0.9225218296051025,0.6585279703140259,0.5400065779685974,6023.3095703125,32394.716796875,25659.5078125,14.579983711242676,9792.6787109375,1.9689316152489795,2.991651358755923,0.3877001532013481,1024.6018238925642,610.5782572209488,0.3071112748272018,0.1830130130400381,0.0003070753078513317,0.0005170097384566219,1.6836578039251808,8.336376425263934,8.336376425263934,3.379466392768286,0.3877001532013481
829,0.04772389431794485,0.22243522107601166,4.09450501203537,0.03345780074596405,0.032064810395240784,0.0776490718126297,0.16842283308506012,0.13769274950027466,0.28378158807754517,8.109407424926758,0.4789441227912903,3.6951634883880615,25233.361328125,28744.646484375,7249.3681640625,8.925284385681152,6518.0810546875,0.6854752236408351,0.9509118472694844,0.774118298484832,1022.0681678119973,498.41543294164046,0.5744330874706502,0.28012448191259154,0.00041048602804282327,0.0007260261302824037,1.7686987636194582,4.855020817718377,4.762439531851722,2.7156409958173446,0.774118298484832
830,0.19511953989664713,0.6178459525108337,1.6885892152786255,0.09503278136253357,0.07263481616973877,0.41769102215766907,0.2824811339378357,0.22628551721572876,0.8731278777122498,1.2617526054382324,1.026650309562683,2.777364730834961,191969.34375,92447.7578125,13242.0595703125,66.3007583618164,52752.78515625,1.4136996376806337,1.1318143914761345,0.15645131145923263,1020.5321834407799,614.719141067636,0.29818113911785377,0.1796098709039222,0.00032681158591118723,0.0007764206101758141,2.375743834206693,38.69270766494492,38.69270766494492,18.706280756726496,0.15645131145923263
831,0.039927128702402115,0.16221602261066437,0.7504946192105612,0.035804085433483124,0.0494779534637928,0.03449934720993042,0.1505792886018753,0.1826564371585846,0.14733350276947021,0.9053394794464111,0.6245656609535217,0.7215787172317505,19764.083984375,20801.76171875,17305.07421875,8.813212394714355,6052.248046875,2.4711732810114113,3.037200739261661,0.7835611724672865,1029.6379207739888,494.85751942474536,0.36275077752369916,0.17434279207571923,0.00044962548122720933,0.0007137495734763755,1.5874313251292276,4.912211315105376,3.471343602580813,1.4452786942484512,0.7835611724672865
832,0.028302251050869625,0.08728986978530884,0.5549536546071371,0.033590175211429596,0.022276069968938828,0.029040507972240448,0.09705324470996857,0.06959747523069382,0.09186294674873352,0.5275530219078064,0.4945836067199707,0.642724335193634,26743.69921875,27893.5234375,13422.6572265625,13.098060607910156,9933.86328125,0.3473529317595361,2.0539267697747308,0.9402770946067982,1035.9475120840873,611.4408924300619,0.3811033114795579,0.2249362503031896,0.00039124528248193327,0.0006896403176101884,1.76268021236022,4.93115131174736,1.1536749617877955,0.5117315556732883,0.9402770946067982
833,0.13617918888727823,0.3273172378540039,1.6742598215738933,0.09084467589855194,0.24221676588058472,0.07547612488269806,0.19659198820590973,0.48985588550567627,0.17364537715911865,1.5240917205810547,2.1540660858154297,1.3446216583251953,24286.869140625,8659.638671875,24114.427734375,24.39729118347168,11242.8173828125,1.3448834391940467,-1.0127765319288966,0.22399614649749836,964.3654119526262,434.6131033765453,0.44715560145480326,0.2015207941219946,0.0003946584358458995,0.0007213921735479427,1.8278899119481167,13.08697869373017,13.08697869373017,5.768086748735155,0.22399614649749836
834,0.14707773178815842,0.4072597622871399,9.765049358208975,0.14501813054084778,0.06879673153162003,0.22741833329200745,0.33723098039627075,0.221714586019516,0.5803665518760681,1.1091203689575195,0.5269853472709656,27.659042358398438,11095.259765625,19729.509765625,742.4591674804688,16.383529663085938,5999.533203125,0.040898777244076596,-0.4199401036231598,0.9991637615850812,1031.1359716669933,374.57006748635376,0.3788874521164365,0.13763451417522604,0.0003677541739927038,0.0007641817529113569,2.077968944892297,4.822071856453445,0.1748198087846043,0.07920225716746108,0.9991637615850812
835,0.03160148113965988,0.09195523709058762,0.5182898938655853,0.033315837383270264,0.033530186861753464,0.027958419173955917,0.09098950028419495,0.09802879393100739,0.08652476221323013,0.35345783829689026,0.5973572731018066,0.6040545701980591,24613.83203125,20844.201171875,23990.779296875,15.22375202178955,10698.4658203125,0.6600850452349484,2.149396763894483,0.7899400859738158,989.9772034029206,585.9141246267179,0.29507857362290635,0.17464109634653802,0.00037732738734817025,0.0004621510647568142,1.224801274046866,4.697115439440926,2.538489445215233,1.1064561467448777,0.7899400859738158
836,0.08607614785432816,0.19501708447933197,0.9434077938397726,0.07484876364469528,0.08318819850683212,0.10019148141145706,0.16762210428714752,0.1800297051668167,0.2323579043149948,0.5292906761169434,0.7827512621879578,1.5181814432144165,38722.7109375,31849.4296875,7847.68359375,35.705413818359375,16427.474609375,0.9516301330133069,-2.147583366623501,0.5803563417204005,995.8764364034012,512.8170385306886,0.38564213675435477,0.19858272700701446,0.00041703697116978063,0.0006672434042977152,1.5999622345858457,9.044616308066498,9.044616308066498,5.243187380210197,0.5803563417204005
837,0.1088448924322923,0.30866166949272156,0.6950786014397939,0.22687408328056335,0.05078621208667755,0.048874381929636,0.48614662885665894,0.12528002262115479,0.12127247452735901,1.1062148809432983,0.5206208229064941,0.45840010046958923,8480.13671875,35758.62109375,30437.50390625,28.85443878173828,14529.9794921875,1.2756702777514806,2.6548305104102887,0.29086045180841147,1038.007527284202,522.8782993592263,0.5183045779391257,0.26108694700121393,0.0004771589119506979,0.0005904722162177699,1.2374749825039002,12.520706351111434,12.520706351111434,4.771704371330823,0.29086045180841147
838,0.06401607270042102,0.1411217749118805,0.518540233373642,0.07232454419136047,0.07075455784797668,0.04896911606192589,0.15024283528327942,0.15732185542583466,0.11065728217363358,0.40786150097846985,0.6080087423324585,0.5397504568099976,34031.67578125,13332.9853515625,20154.892578125,20.111141204833984,13728.5751953125,0.8751115746794008,-1.4651621788400113,0.6409112157534589,965.7774678412518,602.990205632756,0.4316388977738838,0.26949689384403047,0.0005806901800982354,0.0007873509162868856,1.3558881194679224,5.23254269510198,5.23254269510198,2.1056600919794404,0.6409112157534589
839,0.06890896459420522,0.22226940095424652,1.2140000462532043,0.02499418705701828,0.03198312968015671,0.14974957704544067,0.06945136189460754,0.08029846101999283,0.37827301025390625,1.5234403610229492,0.3439485430717468,1.774611234664917,29987.23828125,30565.166015625,886.0809936523438,17.952131271362305,11863.05078125,3.101535096253585,0.2333794958022346,0.9991978033263281,1036.4853690372063,657.7987762300925,0.35265107058068595,0.22380773486430194,0.0003405105404858254,0.000601396214871594,1.7661603485564599,4.641595284123906,0.18076865590322747,0.1218677779524722,0.9991978033263281
840,0.13010540728767714,0.3945467472076416,1.3450385729471843,0.06003444269299507,0.03708653151988983,0.2931952476501465,0.15140743553638458,0.0874444767832756,0.6532379388809204,1.1051137447357178,0.4916715621948242,2.4383304119110107,17051.576171875,20515.806640625,895.4103393554688,21.76959800720215,8112.23828125,0.0831099342587123,-2.8599654124094567,0.9965483568834793,952.5268973561488,474.6902595351861,0.29121928313409484,0.14512866510780215,0.0003067923336719752,0.0005338186136095519,1.739999846868126,4.905806951333921,0.48331255552171926,0.2660593407751898,0.9965483568834793
841,0.07699908564488094,0.3132733404636383,2.354283650716146,0.07547430694103241,0.03893614560365677,0.11658680438995361,0.2502405345439911,0.1624903678894043,0.45322808623313904,0.60760897397995,0.6405523419380188,5.814689636230469,19200.181640625,29975.8828125,3017.361572265625,8.843096733093262,6608.9580078125,0.29042525202567737,0.8506515827525347,0.958122187109322,1046.4951874583485,591.372027838819,0.4667998427700669,0.2637875194478747,0.000465556686393636,0.0007464439086497626,1.6033362433949272,4.910139761294513,1.7750886254346814,0.9486675924836607,0.958122187109322
842,0.12414040416479111,0.33260324597358704,3.259989341100057,0.12100021541118622,0.09097938984632492,0.16044160723686218,0.3125004172325134,0.25095444917678833,0.39984065294265747,1.4874788522720337,6.659834861755371,1.6326543092727661,63042.65234375,35133.296875,6413.57861328125,28.240066528320312,19287.48828125,2.1758018594006017,1.1235533247391158,0.568766626829993,982.1739206189739,571.2901334675676,0.552769772590938,0.32152341915299415,0.0006302314826586858,0.0007589024919161922,1.2041646804356658,9.045314729568286,9.045314729568286,5.4756701256187155,0.568766626829993
843,0.07741518567005794,0.17196615040302277,0.8809149861335754,0.11708274483680725,0.04508142173290253,0.07008139044046402,0.23515944182872772,0.09943792968988419,0.15118764340877533,0.8986729383468628,1.0728733539581299,0.6711986660957336,13532.23046875,23352.306640625,12425.9970703125,24.0007381439209,10587.513671875,2.551044997054188,-0.23217210630542517,0.8306358597539881,1004.5728472668094,513.7035515355309,0.3803485139915187,0.19449697748680153,0.00033017485345368584,0.0006987154559012536,2.1161982767390355,4.957049660852853,2.9900609012529937,1.3924160861159485,0.8306358597539881
844,0.10340749099850655,0.4152824282646179,1.5374215046564739,0.039252545684576035,0.03934797644615173,0.23162195086479187,0.23773398995399475,0.2311462014913559,0.44904381036758423,2.0813510417938232,1.3610916137695312,1.169821858406067,31697.36328125,32305.40234375,4016.82763671875,10.95447826385498,5829.6630859375,0.7770106116392652,0.8065054434858063,0.7130127336743797,1045.7288734943713,558.3648331798462,0.4935043790945684,0.26350567273319664,0.00033119368551340805,0.0007797804861009356,2.3544545690602154,6.582027043550108,6.582027043550108,3.4587368115813204,0.7130127336743797
845,0.07702556997537613,0.3478897213935852,1.2244508067766826,0.02992604672908783,0.029426075518131256,0.1717245876789093,0.12083303183317184,0.10339182615280151,0.5772498846054077,1.3149735927581787,0.5476850867271423,1.8106937408447266,22506.34765625,24944.91015625,1774.8270263671875,10.142823219299316,6781.525390625,2.836724521164137,-2.576197746967305,0.9538865432069695,1033.253599793504,541.5279028850798,0.5092675458968886,0.266906968620374,0.000496607538415689,0.0007934503449206697,1.5977412414076289,4.839019821968965,1.8738666650807523,1.1433954635098158,0.9538865432069695
846,0.21245688945055008,0.7033250331878662,3.0234468181928,0.07018047571182251,0.05115839093923569,0.516031801700592,0.16604933142662048,0.1259341686964035,1.1391868591308594,1.110541820526123,0.5720775723457336,7.387721061706543,27997.28515625,34512.6484375,3902.202392578125,20.803377151489258,13271.71875,0.7628823760270796,-2.370172978805967,0.7228472718326941,1033.6853037441392,545.8102802281535,0.35860917160504013,0.1893541213531476,0.0003360754363037056,0.0007002907339311568,2.0837307886385252,5.468443510086476,5.468443510086476,2.9777219092017466,0.7228472718326941
847,0.06098691622416178,0.14765125513076782,2.1804438829421997,0.09716802835464478,0.04682573676109314,0.038966983556747437,0.21820899844169617,0.10599939525127411,0.0870266854763031,5.538112640380859,0.5832487940788269,0.41997021436691284,10888.08984375,17108.2109375,23688.921875,20.59758758544922,10045.2939453125,0.916330359141959,2.589471852212646,0.6087356432399409,1029.9466835451285,472.33641591192327,0.4615424019126603,0.21166463021214654,0.0004847769540621933,0.0006634047000403124,1.3684740878899175,4.99476151800207,3.6319625756822878,1.5251160040839529,0.6087356432399409
848,0.03580980747938156,0.16877101361751556,1.1317726572354634,0.031160347163677216,0.03255372494459152,0.043715350329875946,0.13875415921211243,0.1521458923816681,0.21133220195770264,1.2398185729980469,0.9622510075569153,1.1932483911514282,46531.66015625,22320.404296875,15064.982421875,11.998501777648926,8729.93359375,1.0554284846593631,1.2895630812594652,0.4928549460404866,907.9304870378547,523.8475580703985,0.3681493672529046,0.21241069640671256,0.0003734946577637208,0.0007333022916912498,1.9633541643724113,9.201377391156937,9.201377391156937,5.1569400392675835,0.4928549460404866
849,0.02767717031141122,0.08708350360393524,0.6043296655019125,0.021420102566480637,0.03316815197467804,0.02844325639307499,0.06632892787456512,0.09800031781196594,0.09303584694862366,0.4844127297401428,0.5514809489250183,0.7770953178405762,23575.6015625,21339.29296875,24341.431640625,14.815009117126465,9868.6748046875,0.654239558613277,2.4664808877330975,0.7935109286584078,1045.9006049310665,609.6602988868357,0.6217285527178749,0.36240844826879265,0.0003311459194578089,0.0007491305117131397,2.262236880163598,4.973272068248496,2.649370120718089,0.7113702953042742,0.7935109286584078
850,0.06049386411905289,0.20444722473621368,3.7643889586130777,0.033948905766010284,0.039757221937179565,0.10777546465396881,0.10254137217998505,0.11708817631006241,0.3224424421787262,0.4647223949432373,8.282397270202637,2.5460472106933594,21468.35546875,29907.732421875,2655.008056640625,13.414189338684082,9316.61328125,0.0765004840493525,1.849380466983896,0.9970752647624513,983.6111349205931,535.8292444596171,0.49747059602247073,0.2710006873083185,0.0005072429702906944,0.0007201965606510202,1.4198256118528065,4.985978312274691,0.3301407375390401,0.12334226185235778,0.9970752647624513
851,0.04648863027493159,0.22354601323604584,1.3233293096224468,0.056345172226428986,0.039955075830221176,0.04316564276814461,0.2654266953468323,0.20543718338012695,0.1936836987733841,1.4724339246749878,1.7036681175231934,0.7938858866691589,13610.8662109375,59650.21484375,20988.056640625,13.95224380493164,9797.513671875,1.0767498988983062,0.03851868478254117,0.4741923218114793,1006.9277147536216,571.8508166319126,0.45511971441193627,0.2584699740988161,0.0004041746207944786,0.0006608139734145101,1.634971468806132,8.854556120805535,8.854556120805535,4.812276047686647,0.4741923218114793
852,0.04496314376592636,0.14753204584121704,0.8334901730219523,0.054478421807289124,0.0460265576839447,0.03438445180654526,0.177011176943779,0.1409004032611847,0.11914758384227753,1.2980116605758667,0.6117680072784424,0.5906908512115479,19716.142578125,14387.8486328125,14199.2958984375,12.404939651489258,6312.71240234375,2.612398898362641,-0.7325535634515923,0.8632143736589525,1014.9756096813009,483.75948449254486,0.5516105435457812,0.26290960062591906,0.000602727026326512,0.0007798256783824076,1.2938289546020074,4.850182890965749,1.2490238720969016,0.5834775712396593,0.8632143736589525
853,0.0828513652086258,0.23487386107444763,1.6699511607487996,0.03867584839463234,0.038522373884916306,0.17135587334632874,0.08840538561344147,0.08894047886133194,0.44660499691963196,0.6288045048713684,0.5938320755958557,3.787216901779175,31848.607421875,37572.09375,5720.09814453125,25.423126220703125,16311.546875,0.8049014700719765,-2.4326983201211623,0.6931822550486884,1047.2781642163893,550.6952376420279,0.31229007659321195,0.16421297017247086,0.0003451341810204272,0.0005299102789549623,1.5353746690293735,5.055851437899237,5.055851437899237,3.3890191612359404,0.6931822550486884
854,0.08005121598641078,0.20611202716827393,1.081608533859253,0.09522692859172821,0.05529911071062088,0.08962760865688324,0.23380598425865173,0.14161600172519684,0.23240706324577332,1.4360761642456055,0.6632879972457886,1.1454614400863647,21018.609375,37536.06640625,20383.828125,21.242738723754883,13450.5263671875,0.9069606779974313,-3.010737574126768,0.616142467152336,1040.3162495052684,546.7817523827825,0.583678051988644,0.3067764328832618,0.0005454869279246209,0.0007184755758693061,1.3171270274117182,6.400448969888228,6.400448969888228,3.285502666744282,0.616142467152336
855,0.1061218132575353,0.3481154143810272,0.6871471504370371,0.032703280448913574,0.03697305917739868,0.24868910014629364,0.08910439163446426,0.0939168781042099,0.5977813601493835,0.37782418727874756,0.2801331579685211,1.4034841060638428,25279.10546875,22151.794921875,1250.6029052734375,10.567363739013672,9306.5869140625,2.990058523506789,-2.53623125437757,0.9885406569280107,1046.4172679523078,567.8626146771794,0.38375247095200304,0.20825218411205043,0.00037098107158007633,0.0006810411405601686,1.8357840675253043,4.763334325986512,0.8280816351916386,0.5109742408394223,0.9885406569280107
856,0.03446687012910843,0.12340765446424484,2.157221515973409,0.04263150691986084,0.029830552637577057,0.03093855082988739,0.1551746428012848,0.10547543317079544,0.10995157808065414,1.999369502067566,2.0303802490234375,2.4419147968292236,18419.431640625,28831.55078125,17207.419921875,11.506308555603027,8388.3466796875,2.6275641944035333,2.609498543721669,0.870770829199873,1046.4853770682555,495.1988784919837,0.5441706717154583,0.2575026008453708,0.0005971701563713019,0.0007995880370556131,1.3389618160329733,4.901879596323681,2.259096997480663,0.8450236183888258,0.870770829199873
857,0.055320040633281074,0.213703453540802,0.8236304720242819,0.025933343917131424,0.03297283500432968,0.10705394297838211,0.09423905611038208,0.10112953931093216,0.34266212582588196,0.836289644241333,0.32704395055770874,1.3075578212738037,26433.33984375,22361.552734375,5195.7900390625,11.604805946350098,7632.95263671875,2.9820904939090167,-1.0703812718008652,0.9873064760595273,1000.7892154740196,614.2867553514717,0.7199683383849521,0.4419182458244264,0.0004189662121808193,0.0007286497088415014,1.7391610293553397,4.8400481735457035,0.653260641325311,0.28293424392148414,0.9873064760595273
858,0.027216340725620587,0.06574781984090805,0.43074530859788257,0.03282466530799866,0.02451351284980774,0.024310844019055367,0.07724004983901978,0.05946420133113861,0.05945431441068649,0.7997338175773621,0.2343456894159317,0.258156418800354,21339.400390625,17752.935546875,17272.427734375,20.67010498046875,10560.1298828125,0.6441723826958459,-1.2882623057180307,0.7995970554452572,1033.1299184551765,504.5638050407538,0.4523770360221979,0.22093356753206966,0.000385767092288896,0.0007592336579057767,1.9681141110325617,4.904115426977546,2.9884426907455452,1.4423780787602518,0.7995970554452572
859,0.04349725445111593,0.1352769434452057,0.7557835181554159,0.041253142058849335,0.03558550775051117,0.053653113543987274,0.12185946106910706,0.11224217712879181,0.1649772822856903,0.5168266892433167,0.7135060429573059,1.037017822265625,22311.51171875,22675.798828125,9925.5205078125,15.172273635864258,8217.12890625,2.794689146335389,-0.26448825065851445,0.9404299882491284,1007.0306519446771,565.8614031294236,0.6034922767326918,0.33910883033229844,0.00033684333561298453,0.0007243580761841231,2.150430184008072,4.84483640144019,1.604569273601808,0.601744619077089,0.9404299882491284
860,0.0492239718635877,0.13609710335731506,0.4933062096436818,0.03343747928738594,0.05087326839566231,0.06336116790771484,0.09552568197250366,0.13755512237548828,0.16711176931858063,0.3656327426433563,0.44685083627700806,0.6674350500106812,36605.74609375,18585.4375,15301.9599609375,13.213705062866211,11824.7099609375,2.5475450777650472,-1.4559643188819031,0.8286819652354938,1030.7041084812086,636.9632025327385,0.33076601826628854,0.20440956871158003,0.0003042455877696646,0.0005771463436589983,1.896975229418738,4.608035282585662,2.9516783356342198,1.34187793574569,0.8286819652354938
861,0.17693852384885153,0.43103834986686707,3.2290582855542502,0.2515467405319214,0.1435813307762146,0.13568750023841858,0.6131049394607544,0.33901160955429077,0.3021625280380249,7.254364013671875,0.9224177002906799,1.5103931427001953,23426.50390625,86879.46875,46511.75,34.673954010009766,30148.412109375,1.329276563898599,-0.3908063953833558,0.23917855476445976,1015.10849089365,732.8304201868086,0.38442006866383316,0.27752178508442116,0.0003631893699661182,0.0007146069997470853,1.9675878724472322,17.118250812845336,17.118250812845336,7.130625559941663,0.23917855476445976
862,0.17794612795114517,0.5456410050392151,0.638346254825592,0.04736722260713577,0.036909475922584534,0.4495616853237152,0.10132627934217453,0.0860818400979042,0.8925902247428894,0.4420868754386902,0.522306501865387,0.950645387172699,28388.55078125,32378.099609375,1331.233642578125,23.792964935302734,14077.9052734375,0.771135316867168,-2.389938925516849,0.7171198730290675,1024.8473887623516,534.5742079159088,0.31555095883557904,0.16459563221441847,0.00032826789504738894,0.0005989755889683075,1.8246547956870378,6.511658611894798,6.511658611894798,3.0362605237359395,0.7171198730290675
863,0.03017041025062402,0.13485030829906464,0.7944117387135824,0.02458900958299637,0.026803115382790565,0.03911910578608513,0.11432474851608276,0.1253867745399475,0.15987691283226013,0.834976077079773,0.7144142389297485,0.8338449001312256,14743.2197265625,39916.54296875,15983.234375,10.436467170715332,7576.03173828125,2.2685530245856413,-3.108075205039431,0.6425002955268888,1043.3177934099044,549.8116588787668,0.3391647711628948,0.1787343670779748,0.0004001116462847313,0.0005059653662988497,1.2645604570550035,5.97227317908587,5.97227317908587,2.8466688162621954,0.6425002955268888
864,0.04839302599430084,0.1239885464310646,0.49344031016031903,0.047836530953645706,0.05466390401124954,0.04267864301800728,0.12908871471881866,0.13097527623176575,0.1108967661857605,0.538703203201294,0.39513635635375977,0.5464813709259033,19337.1640625,17416.935546875,13465.7490234375,17.533206939697266,8253.9453125,2.579487583589864,1.8038260828690422,0.8461350504811938,1022.6535138718787,515.2118319730932,0.5123934321164925,0.25814330589078927,0.0003633089317080382,0.0005921549358190337,1.6298936913967763,4.980039580106191,2.7830294822576183,1.1744704203752634,0.8461350504811938
865,0.18374339366952577,0.5368514060974121,1.028967301050822,0.40649673342704773,0.05810858681797981,0.0866248607635498,0.8995883464813232,0.13258445262908936,0.19533802568912506,1.4716663360595703,0.6684789657592773,0.9467566013336182,5413.853515625,62412.171875,30499.740234375,41.43391799926758,23037.447265625,1.9584288791234983,-0.11393356966473611,0.3779976779274685,956.6355147237374,539.6858928926165,0.38052604698351045,0.21467375638306704,0.00037752590462767884,0.000639146178451155,1.6929862841637044,9.90483696662495,9.90483696662495,6.167559508663554,0.3779976779274685
866,0.05909353246291479,0.20277729630470276,0.9221410950024923,0.054033465683460236,0.08793659508228302,0.0353105366230011,0.19752220809459686,0.24882209300994873,0.12936848402023315,0.582828164100647,1.2136461734771729,0.969948947429657,38610.11328125,13426.51171875,29726.6796875,14.810629844665527,11106.744140625,1.0077753732892543,1.71502617046455,0.5337432884822841,1010.0600015097839,689.5757372718351,0.4890510171797907,0.3338788935619767,0.0003544012184323072,0.0005900308400786152,1.664866849749036,7.366964032026277,7.366964032026277,2.7397386058618585,0.5337432884822841
867,0.06393411134680112,0.14341872930526733,0.43712709347407025,0.07458899170160294,0.05570455640554428,0.06150878593325615,0.16487661004066467,0.1276751458644867,0.13603541254997253,0.3397065997123718,0.33896970748901367,0.6327049732208252,32913.765625,23350.48828125,16050.7509765625,20.929786682128906,14621.529296875,2.700310598645981,1.9548251806315644,0.9042048420184411,938.19381252682,570.3504980959502,0.36508600733681656,0.2219445314519835,0.00032632012152151275,0.0007138561049322776,2.187594505676894,4.976894638009562,1.9563014406185981,0.9019060376785356,0.9042048420184411
868,0.06783230726917584,0.13598476350307465,1.5055752793947856,0.07952018827199936,0.05305593088269234,0.07092080265283585,0.1574697494506836,0.1073005273938179,0.13815417885780334,2.4223058223724365,0.7214809060096741,1.372939109802246,12262.4638671875,31311.115234375,20814.8828125,29.165864944458008,13901.873046875,0.8995992770717967,3.0004970523689645,0.621923815406519,1019.331083875288,499.85128955747587,0.3306463903217255,0.1621396886686718,0.0003654348351989066,0.00046346676896138084,1.2682610531891831,5.584309185465646,5.584309185465646,2.8313665016495815,0.621923815406519
869,0.08373926642040412,0.28916436433792114,0.6821831464767456,0.029078533872961998,0.1771751046180725,0.04496416077017784,0.11374230682849884,0.38642603158950806,0.144954115152359,0.7762488126754761,0.61687171459198,0.6534289121627808,39112.5078125,6283.06298828125,19375.529296875,15.602502822875977,9246.44921875,0.9925008966533113,1.737722934753462,0.546597332304016,974.3431313934898,486.1635598196764,0.2521918587997589,0.125835024521887,0.00031260335185778846,0.0004735345014618004,1.5148094179016476,7.289192313628199,7.289192313628199,4.014497619337133,0.546597332304016
870,0.1104769092053175,0.36062321066856384,1.6080854137738545,0.03400782123208046,0.030941268429160118,0.2664816379547119,0.08142002671957016,0.07930052280426025,0.7519258260726929,0.5436243414878845,0.7208813428878784,3.559750556945801,34697.5078125,29860.494140625,3623.022705078125,22.649625778198242,14283.6171875,2.4832826131217525,0.8860946210902565,0.7910272455782549,1034.9381396882839,564.3442047541832,0.3732913428402848,0.2035530414216568,0.0004559761044324335,0.0006896818574805634,1.5125394747144263,4.902489872622345,4.493104376003644,2.700580327957859,0.7910272455782549
871,0.06331360961000125,0.1362917125225067,0.3455665012200673,0.05987389758229256,0.0630120187997818,0.06705491244792938,0.12767666578292847,0.13747137784957886,0.1434609740972519,0.2597545087337494,0.40713560581207275,0.3698093891143799,21872.578125,19992.595703125,13311.6767578125,16.114505767822266,10436.9423828125,0.49769956360489587,-1.3379168647131403,0.8786831267895989,1028.6138403693421,575.714566375998,0.42932915714349695,0.24029527878867535,0.0004750132603276926,0.0006251614513187217,1.3160926305245624,4.989429950472129,2.142542950088368,0.8706668317076021,0.8786831267895989
872,0.10193625837564468,0.2758217751979828,1.1125359137852986,0.050657421350479126,0.2075122594833374,0.04763909429311752,0.11933798342943192,0.3949051797389984,0.13314716517925262,0.9288852214813232,1.2069883346557617,1.201734185218811,16168.2197265625,6534.0361328125,20332.763671875,18.46419906616211,7965.00732421875,0.9797605869096403,-1.0283855560921036,0.5572213627424389,1002.3145393654999,456.15621583481305,0.36931296619153675,0.16807538801472988,0.0004005003475897802,0.0006612455575191367,1.6510486482684146,5.829025898669797,5.829025898669797,2.15545978634471,0.5572213627424389
873,0.03601119543115298,0.15001259744167328,4.2914404074351,0.03316466882824898,0.030787542462348938,0.04408137500286102,0.12834039330482483,0.12608927488327026,0.1905427873134613,0.5057680606842041,7.446353912353516,4.922199249267578,20452.412109375,25847.990234375,16262.8232421875,9.56106185913086,6693.08154296875,2.680364143770901,-1.02021777862601,0.895506426876801,956.7716165936826,567.2213751895075,0.5814545707828109,0.34471493042807777,0.00032677659780551855,0.000701023837694737,2.1452694054668875,4.815307043341391,1.4943079275011455,0.6131020165803296,0.895506426876801
874,0.12444569170475006,0.2887113094329834,1.0929684241612752,0.11016306281089783,0.1079094409942627,0.15526457130908966,0.2527525722980499,0.24508513510227203,0.354818731546402,1.0074156522750854,0.9653270244598389,1.3061625957489014,37638.64453125,14650.337890625,30607.833984375,26.57101821899414,15222.630859375,2.1595628941676273,1.730202672699848,0.5553356906161823,1045.263054987001,554.0215847872088,0.5927761315793267,0.3141895911031637,0.0005156465676860733,0.0006906821383457533,1.339448726373065,6.901542803476012,6.901542803476012,3.483062895620617,0.5553356906161823
875,0.1313170144955317,0.7053815722465515,1.501856009165446,0.04079759120941162,0.055443182587623596,0.29771026968955994,0.14397834241390228,0.19808679819107056,1.206101655960083,0.6923907995223999,0.886827826499939,2.926349401473999,114579.8046875,124416.25,8253.4951171875,44.85694885253906,34954.9921875,1.8153732770902467,0.7321420946145158,0.24214588678673452,1033.4001143659407,624.5618577377451,0.414134116490452,0.2502925725981333,0.0004050138131930449,0.0006178956706450367,1.5256162889203098,25.61878487289923,25.61878487289923,13.954982643143783,0.24214588678673452
876,0.21387564639250436,0.4598774313926697,1.4315086603164673,0.2799808382987976,0.17956647276878357,0.18207962810993195,0.6050042510032654,0.352958083152771,0.3879719078540802,1.6189401149749756,1.3951958417892456,1.2803900241851807,6294.0078125,38179.078125,8690.5068359375,35.05364990234375,13142.033203125,1.1538107205414574,-3.0773709477286966,0.40500619506568625,867.6700641110046,397.803396474622,0.5326269572162807,0.2441951398330978,0.00031788973536980543,0.0006727743294034829,2.116376386361879,11.214547325429931,11.214547325429931,5.9889687031910075,0.40500619506568625
877,0.06747434288263321,0.24035416543483734,1.452423334121704,0.03127550706267357,0.034713055938482285,0.13643446564674377,0.11385305970907211,0.11609411984682083,0.35663312673568726,1.4646008014678955,1.3232390880584717,1.5694301128387451,24682.978515625,26651.083984375,850.4378051757812,14.755708694458008,8420.2529296875,0.0714589136030443,-2.063567591625204,0.9974478981100595,924.1162123065254,578.8058101324978,0.6486029206917975,0.40624234697529193,0.0004441859366163215,0.0007189313148711195,1.6185368684738828,4.535938036830446,0.4334631617015363,0.23674263724414524,0.9974478981100595
878,0.11170065651337306,0.29285934567451477,1.084399123986562,0.20500525832176208,0.06883300095796585,0.061263710260391235,0.3682144582271576,0.21639668941497803,0.15370900928974152,0.7794291973114014,0.9535669684410095,1.5202012062072754,9958.9228515625,10188.82421875,20471.275390625,15.460404396057129,7092.326171875,0.9660287094611324,2.2986511353757617,0.5685709256731275,1047.4105529198675,444.1477965637608,0.3901723666574778,0.16545011547563093,0.00039384516446943913,0.0006065168933230909,1.5399881680409824,4.975698455281935,3.857347398238564,1.5343952407287338,0.5685709256731275
879,0.06535301730036736,0.15820078551769257,0.6447251240412394,0.060920070856809616,0.05802539736032486,0.07711358368396759,0.1491020917892456,0.14496023952960968,0.17852149903774261,0.7709156274795532,0.4052467346191406,0.7580130100250244,22736.134765625,27568.7109375,5538.63818359375,22.712989807128906,10987.515625,2.937491826854324,1.535904993163073,0.9792436308510379,998.9848470778282,496.82602590818385,0.37979448263495924,0.18888352913593398,0.00038823885285098163,0.0005402570833599713,1.391558519691328,4.9648257527849875,1.0409443910020189,0.5590998646840755,0.9792436308510379
880,0.06988854954640071,0.2389386147260666,0.8299387693405151,0.06665033847093582,0.0557485967874527,0.0872667133808136,0.225540891289711,0.1879110485315323,0.2916939854621887,0.6032595634460449,0.8411989212036133,1.0453578233718872,32122.76171875,27072.208984375,14616.8955078125,12.345529556274414,10106.9912109375,2.7938299758428333,2.725281872369689,0.940137534036342,1038.9768457047887,586.6350246953216,0.7683110354937419,0.43380963218175983,0.000514504643876825,0.0007865744046217668,1.5287994267551777,4.980590203452639,1.2954195262348938,0.5892470635942725,0.940137534036342
881,0.13542291522026062,0.4070040285587311,2.5785146752993264,0.1284644901752472,0.19219762086868286,0.0856066346168518,0.33694037795066833,0.7291965484619141,0.23077793419361115,0.9734668731689453,5.982765197753906,0.7793119549751282,21121.736328125,7775.7587890625,24913.14453125,14.571280479431152,9063.3876953125,2.0057421413667633,-0.9606905182203445,0.4213612616065256,1033.7937071926951,580.0694252873435,0.5928422887482296,0.33264826756787297,0.00038723582632822827,0.000775276815474793,2.002079257040783,5.799350461913796,5.799350461913796,2.9466674892339872,0.4213612616065256
882,0.036504690845807396,0.13099829852581024,0.7464244961738586,0.03294230252504349,0.03646659106016159,0.0401051789522171,0.12146499752998352,0.12912458181381226,0.14116346836090088,0.8141703009605408,0.44659000635147095,0.9785131812095642,21536.63671875,35342.171875,15219.3974609375,12.155302047729492,9583.75390625,0.35280622206726836,2.158131344062605,0.9384067679938666,1003.2839849950626,623.9506944308908,0.6063655475755988,0.3771038012638307,0.0005093915097339858,0.000644620688692418,1.2654719923169735,4.976162996671576,1.1899516430997332,0.40566352418629037,0.9384067679938666
883,0.052394493172566094,0.1406126469373703,0.5742585559686025,0.04806177318096161,0.05046319589018822,0.05865851044654846,0.13437624275684357,0.13096556067466736,0.15584003925323486,0.4973003566265106,0.2925434708595276,0.9329318404197693,25826.6171875,21071.462890625,4870.08935546875,13.823478698730469,8975.650390625,2.99083434310496,-0.40733216032205766,0.9886574731553426,1016.8422141884945,541.76133967096,0.6811232071380071,0.3628942780218444,0.0004362679248293404,0.0007448043516190426,1.7072177651162317,4.895740267357864,0.5673468809372377,0.22317044450736767,0.9886574731553426
884,0.06832190106312434,0.18904772400856018,0.9396733641624451,0.08996313065290451,0.05139303207397461,0.0636095404624939,0.232738196849823,0.14448952674865723,0.17772506177425385,0.6560288071632385,1.4716720581054688,0.6913192272186279,14242.79296875,12397.208984375,23381.029296875,16.716243743896484,7828.92529296875,2.249360039635952,-0.6649641184193071,0.6276755581163719,774.1735179545979,426.5746647519521,0.3342977815407934,0.18420026102784925,0.00044875044743031154,0.0006879548959692365,1.5330455933998195,4.98691009330918,3.326728115872749,1.3731404000999476,0.6276755581163719
885,0.05026391645272573,0.26755332946777344,2.566086232662201,0.033574435859918594,0.03572160378098488,0.08149570971727371,0.17740516364574432,0.20342329144477844,0.36663633584976196,0.8913164734840393,1.1454660892486572,5.661476135253906,16702.501953125,20307.486328125,5165.22216796875,5.937936782836914,4012.92578125,2.7605047591120306,-2.9641170073451097,0.9282605637818147,908.9418928482,494.34637581692897,0.6709404356910411,0.364904484414924,0.00041306188836763666,0.0007952028826087175,1.9251422244527305,4.9079162899166136,2.099764998543834,0.9318482000611576,0.9282605637818147
886,0.09502944846947987,0.2247675210237503,1.0946394205093384,0.14986111223697662,0.07059311866760254,0.06463411450386047,0.33493420481681824,0.15275098383426666,0.14559844136238098,0.9207398295402527,1.7950353622436523,0.5681430697441101,11447.892578125,20957.0625,26270.845703125,20.191457748413086,11820.40234375,2.2827644721062694,2.3897664074752845,0.653325073958566,910.6851488644245,518.7417394838338,0.33468804671220864,0.19064400001738077,0.00032340306826673135,0.0006645771234971244,2.0549499640151985,4.786587453643516,3.4102318523023394,1.1388724595283692,0.653325073958566
887,0.11724012717604637,0.4852202832698822,0.9356296062469482,0.03789140284061432,0.0387285090982914,0.2751004695892334,0.20645305514335632,0.21545563638210297,0.5445640087127686,0.733784556388855,0.8379606008529663,1.2351436614990234,57647.234375,61709.7109375,6106.44921875,23.696796417236328,11633.7451171875,1.9384288233697877,-2.385527183863265,0.3594071324030407,1007.1099471372422,530.3340980911837,0.2996410978593193,0.15778802685444931,0.0003690945793545944,0.00046472270931653377,1.2590884161158815,15.715075720742398,15.715075720742398,9.188314057381122,0.3594071324030407
888,0.11005088438590367,0.30004751682281494,0.928365558385849,0.03710780292749405,0.03913860023021698,0.25390625,0.08422426879405975,0.08632455766201019,0.5004512071609497,0.4608714282512665,0.47164207696914673,1.8525831699371338,24619.9140625,38391.09765625,5804.271484375,24.819580078125,15405.0302734375,2.4420294251848578,0.4191471459836458,0.7651234903081142,1029.485272266816,581.3623450119658,0.3547859123262925,0.2003517442391988,0.000450416916503611,0.0006838942724999224,1.5183583196845574,5.148071647668953,5.148071647668953,2.831295356327152,0.7651234903081142
889,0.04972147444883982,0.10029536485671997,0.33888254563013714,0.05742746591567993,0.04571705311536789,0.04601990431547165,0.1138591468334198,0.09264456480741501,0.0923549011349678,0.25104665756225586,0.4191933274269104,0.3464076519012451,24747.29296875,24898.814453125,16549.416015625,20.943334579467773,13795.2041015625,2.6391033151166576,1.8139779468449868,0.8763863915816669,1003.9758272529295,595.9291046231313,0.3058630310519187,0.1815508673459001,0.00030165214398461705,0.0004357350157851859,1.4444950068294773,4.82237120343827,2.1829288726452445,0.8734823941749102,0.8763863915816669
890,0.11704972386360168,0.38131770491600037,1.5815506776173909,0.08299325406551361,0.17769864201545715,0.09045727550983429,0.32001993060112,0.5185977220535278,0.25328588485717773,1.2522931098937988,2.4727566242218018,1.0196022987365723,94242.7265625,5864.79443359375,26268.845703125,41.476768493652344,23608.50390625,1.807006395633556,-1.443004756027666,0.23401962405273716,954.4836755689803,455.2836533325468,0.31130526209223586,0.14849095972491166,0.0003382236401498667,0.0007677602453535001,2.269978068396715,19.46549454621568,19.46549454621568,10.703466081360771,0.23401962405273716
891,0.05424969705442587,0.14835822582244873,0.7104023993015289,0.021590925753116608,0.026475312188267708,0.11468285322189331,0.054176174104213715,0.06236197054386139,0.2369985431432724,0.6519156694412231,0.4063185155391693,1.0729730129241943,27947.39453125,22622.298828125,4872.0859375,23.26618766784668,12107.1533203125,2.583564045692286,1.1089845392609163,0.8483006402306461,1044.8639598001248,543.4237716468417,0.4178540680762819,0.21732191214196592,0.00043449937366861176,0.0004901230165904004,1.1280177746912292,4.917536381018992,3.458160797070386,2.1520749432604984,0.8483006402306461
892,0.058964879562457405,0.26192402839660645,1.04874583085378,0.06490760296583176,0.05663807690143585,0.0553489588201046,0.29634717106819153,0.23571380972862244,0.2553875148296356,1.0873268842697144,0.6808099746704102,1.3781006336212158,12621.1611328125,64253.90234375,21217.177734375,15.461859703063965,12878.3671875,1.9260642724877308,-3.0680995314819843,0.3478415910932516,1011.9549800674313,554.9410938412242,0.5439746240353345,0.29830761133654576,0.000449250573900036,0.0007289385180896098,1.6225655801873453,13.705094261722936,13.705094261722936,6.786917364228323,0.3478415910932516
893,0.04646499827504158,0.1312423050403595,0.9239780704180399,0.04615599662065506,0.0451204888522625,0.048118509352207184,0.13295488059520721,0.1257830560207367,0.13439376652240753,0.7513601183891296,0.7421889305114746,1.2783851623535156,21245.556640625,22452.02734375,5067.26025390625,15.146698951721191,8082.79150390625,2.9752734872921565,-1.0196088502743708,0.9862008209874913,1006.3789360084236,518.9503441403876,0.3971552358523439,0.20479745645332698,0.0004001597420720755,0.0006775529970698311,1.6932063019667591,4.95939544471846,0.6749083020836913,0.2509867742922097,0.9862008209874913
894,0.16502788414557776,0.4094366133213043,5.44219156106313,0.29670652747154236,0.10710178315639496,0.09127534180879593,0.7518596053123474,0.21279673278331757,0.18462692201137543,14.441605567932129,1.1973562240600586,0.6876128911972046,7070.88818359375,40859.40625,31706.630859375,31.055858612060547,17695.283203125,1.1483550154914695,2.7248124762228043,0.40998837007058975,1007.7299418341911,511.06473183708374,0.41801384016642096,0.21199343421314346,0.0003496837408688607,0.0004986962717454292,1.4261351428760067,7.476989728268745,7.476989728268745,4.089952185340856,0.40998837007058975
895,0.042651008193691574,0.13296063244342804,1.4634844263394673,0.03012150339782238,0.041905589401721954,0.05592593178153038,0.09648275375366211,0.11846625804901123,0.17542357742786407,0.5061668157577515,0.4349563717842102,3.4493300914764404,24643.169921875,20197.564453125,4279.5576171875,13.3778076171875,8097.82080078125,0.13460311924222354,2.528762713702558,0.9909546694671861,1001.8307953569346,500.80822577159114,0.5997522680431059,0.29981197488957445,0.0004558403595238434,0.0007240467689614832,1.5883779350248843,4.8256967072877135,0.4223823352778885,0.17539887327284645,0.9909546694671861
896,0.13444636762142181,0.3036213517189026,1.1229984561602275,0.17305400967597961,0.121996209025383,0.10828888416290283,0.33461013436317444,0.27116283774375916,0.28245723247528076,1.3452643156051636,0.6434922814369202,1.3802387714385986,14383.2861328125,80005.109375,36583.28515625,34.367149353027344,27938.05859375,1.864115505138152,2.828779047341804,0.2891312264254433,969.5431735271085,663.3597392022812,0.400748579400955,0.2741914753006811,0.0004538013439767155,0.000684644289390328,1.5086872228951729,13.415018768513578,13.415018768513578,6.607728307947122,0.2891312264254433
897,0.24780147274335226,0.7764153480529785,5.222382823626201,0.07464993000030518,0.5360080003738403,0.13274648785591125,0.23434974253177643,1.0282734632492065,0.43612468242645264,1.4429104328155518,12.692964553833008,1.5312734842300415,101374.1328125,1116.68017578125,17113.546875,34.35242462158203,24758.4765625,1.768186814953413,-1.5391172634758792,0.19611116193311684,1020.3243745450835,507.29803285874294,0.4576495237155995,0.22754009304460263,0.0004225412821641561,0.0007956258069356976,1.8829540225293282,22.998746379987715,22.998746379987715,10.248255351139674,0.19611116193311684
898,0.08376260598500569,0.3848903477191925,2.426381299893061,0.0469992570579052,0.02408481016755104,0.18020375072956085,0.19459274411201477,0.12162919342517853,0.5172565579414368,0.4707622826099396,0.4395905137062073,6.368791103363037,30422.3984375,45520.80078125,4844.806640625,12.045973777770996,9004.6025390625,2.1090262992941318,-2.549968218559788,0.51261701909905,1024.1895973518006,548.8586332541837,0.3635735408599482,0.19483743756013897,0.00039534410369331354,0.0006924985821928802,1.7516350331863884,8.678989218210855,8.678989218210855,5.147534311452761,0.51261701909905
899,0.05345599974195162,0.16038137674331665,0.8223315080006918,0.05994980037212372,0.046887896955013275,0.05353030189871788,0.16039931774139404,0.1482599675655365,0.17221587896347046,0.7209572792053223,0.7867542505264282,0.9592829942703247,21070.51953125,18914.025390625,25003.73046875,14.03508186340332,9102.8798828125,2.4165225864393416,2.4133593584984565,0.7484529561180286,1028.967581446633,575.5016776149953,0.5933564840923998,0.33186434458783,0.0005714458815088556,0.0007704589286372464,1.3482622826905557,4.768291623437925,2.5857502290835566,1.2469583099891666,0.7484529561180286
900,0.15701115628083548,0.5269959568977356,0.6392594973246256,0.04181083291769028,0.04551547020673752,0.3837071657180786,0.11084826290607452,0.12301155924797058,0.838355302810669,0.35827547311782837,0.5442779660224915,1.0152250528335571,42216.15234375,38783.1953125,1563.11767578125,26.67296028137207,16337.83984375,2.218889373059531,0.8466690384009801,0.6036672113112752,988.3238838437987,524.7275981114377,0.312683168990109,0.1660118620182854,0.0005008961161009383,0.0005990237302512314,1.1959041226235398,7.896238560112308,7.896238560112308,4.689424313999469,0.6036672113112752
901,0.048806545014182724,0.29951968789100647,2.1891327102979026,0.029808510094881058,0.03088977374136448,0.08572135120630264,0.1786978840827942,0.19204148650169373,0.4538167417049408,0.6638807058334351,0.9445702433586121,4.95894718170166,31060.529296875,29738.970703125,8998.5048828125,6.61946439743042,6123.8017578125,2.685926915207221,-1.8932875308089592,0.8979682622121307,1046.2129961337102,580.2112924965984,0.7274858341785949,0.40345082471885396,0.00030817067032885067,0.0007743609487073507,2.5127665390123783,4.995147330638739,2.7749412679636816,1.6483639675465316,0.8979682622121307
902,0.18509402001897493,0.5520744323730469,1.8886160850524902,0.30280670523643494,0.19889166951179504,0.05358368530869484,0.8027373552322388,0.429688036441803,0.2041959911584854,3.1746268272399902,1.1436328887939453,1.3475885391235352,6642.6083984375,34445.1796875,28810.001953125,15.754690170288086,12550.2451171875,1.8983142009098128,2.888759841428941,0.3216938364110379,1011.6020378673721,549.6845719464961,0.6763906894105409,0.36753734438994307,0.00045161018762416297,0.0007293585616242469,1.6150179548899604,10.894402550542651,10.894402550542651,3.2473850465670075,0.3216938364110379
903,0.13780579219261804,0.3931685984134674,2.9503374298413596,0.04300280660390854,0.06017442047595978,0.31024014949798584,0.08930058032274246,0.13382703065872192,0.7331477403640747,0.37265586853027344,0.40145212411880493,8.076904296875,17759.115234375,16980.115234375,2513.56884765625,22.688106536865234,8394.2373046875,0.550150549906102,-2.329714463069961,0.8524458218852158,1047.8489961662767,417.6842778909453,0.454851016577043,0.18130868006939158,0.00042940359394820016,0.0005278961737997559,1.2293706462630052,4.98364658054327,3.459692555698983,2.0282950413676195,0.8524458218852158
904,0.068814634035031,0.21528901159763336,1.903543770313263,0.045850303024053574,0.03710883855819702,0.12348476052284241,0.13332410156726837,0.11210456490516663,0.31680741906166077,0.681560754776001,0.6616250872612,4.367445468902588,25380.08984375,19662.3671875,923.55322265625,11.289042472839355,7698.20068359375,0.1053961449063182,0.6372797249037796,0.994450965890257,1037.9564258265145,494.27061898610043,0.46940526988406894,0.2235288760953394,0.000345071821089412,0.0005740344076883731,1.663521541330477,4.975788256141881,0.6741233922416535,0.3910313173238918,0.994450965890257
905,0.1538305108745893,0.47155487537384033,1.5932562748591106,0.30243822932243347,0.06664267927408218,0.0924106240272522,0.7369353771209717,0.18724383413791656,0.26252010464668274,2.2890820503234863,0.9651068449020386,1.5255799293518066,6505.43359375,108111.078125,25917.31640625,48.49591064453125,31010.8828125,1.3749330895962337,-0.10756145210728274,0.1946133395039399,1019.4576242168202,477.26797914447434,0.4498933025471572,0.21062147384720356,0.00040656556370284613,0.0007650989357626113,1.8818586817692529,22.35012012966832,22.35012012966832,10.373302381212593,0.1946133395039399
906,0.06681181490421295,0.1704922318458557,1.1086595058441162,0.10396218299865723,0.03230765461921692,0.06416560709476471,0.21326972544193268,0.08641423285007477,0.1671345829963684,0.5583170056343079,0.7575811743736267,2.010080337524414,11137.666015625,16605.23828125,7461.7197265625,17.580820083618164,6298.3759765625,0.376062514887361,-1.3127797698448296,0.9301179267279495,834.630427644831,407.6879544945469,0.39324259099031184,0.19208533769056252,0.0004476468980615789,0.0007676624650607552,1.7148839149448425,4.978027917589844,1.4953356939070714,0.6026990791374127,0.9301179267279495
907,0.050751060247421265,0.1303528994321823,0.629011889298757,0.05830736458301544,0.035957738757133484,0.05798807740211487,0.13950248062610626,0.09487545490264893,0.14790639281272888,0.8227942585945129,0.4441225528717041,0.6201188564300537,17348.45703125,32033.52734375,25799.890625,17.460256576538086,13131.5810546875,0.7731206610694868,2.8247044207826795,0.71573477530581,1042.8080433013197,666.8963668320272,0.5487333006622914,0.35092579782268496,0.00042102499209640756,0.0007351988613684651,1.7462119236857965,4.9958014730678295,3.7586802443717113,1.7142775107922428,0.71573477530581
908,0.050453477849562965,0.18239562213420868,1.0079751412073772,0.03715630993247032,0.06920132040977478,0.04500280320644379,0.14576733112335205,0.22626109421253204,0.16016292572021484,1.0775516033172607,1.027584433555603,0.9187893867492676,50401.6875,8263.6787109375,15748.1162109375,14.332378387451172,10275.1630859375,1.1443585088139956,1.5487474591423824,0.4136302629640917,966.7557728428941,497.74205500387745,0.3712778315494137,0.1911554045437495,0.0004219239022395594,0.0005422153630784477,1.285102266547083,11.23240919748367,11.23240919748367,5.655132937116603,0.4136302629640917
909,0.07972363134225209,0.27026546001434326,1.9502992232640584,0.045148417353630066,0.040390461683273315,0.1536320149898529,0.1414172649383545,0.12704703211784363,0.3736990690231323,0.726457953453064,0.6432003974914551,4.481239318847656,50446.17578125,39260.0234375,6440.7900390625,22.278871536254883,15422.76953125,2.201609398982914,0.9823958242210615,0.5898015478262661,1001.7364963961376,576.3619564817423,0.48858277393843974,0.28111237286804086,0.0004764937635637069,0.0007260756334685067,1.5237883241916361,7.495685206969559,7.495685206969559,4.580599275115885,0.5898015478262661
910,0.05149722223480543,0.21013279259204865,2.000865399837494,0.03728967532515526,0.04896331578493118,0.06823867559432983,0.1649051159620285,0.16794490814208984,0.29359620809555054,1.142113447189331,0.8005638718605042,4.0599188804626465,24312.11328125,28456.681640625,6780.658203125,9.110931396484375,7436.2939453125,2.6751455683237024,-2.800846225124228,0.8931717239483048,1046.1990536131575,574.5694831460053,0.6280967510055496,0.344948912297893,0.0006721671104626531,0.000790012094181928,1.1753209609410404,4.992118644754384,2.6058274004599977,1.518076015678381,0.8931717239483048
911,0.13768969227870306,0.6235156655311584,0.9963296353816986,0.028837844729423523,0.03863104432821274,0.3456001877784729,0.10233640670776367,0.12068170309066772,0.928263783454895,0.7567038536071777,0.409500390291214,1.822784662246704,20904.267578125,23578.556640625,857.2318725585938,8.964781761169434,6781.57421875,2.998668178045952,-2.279009008321828,0.989803671931792,1008.655743440337,551.9233857608972,0.6090526090486211,0.33326571556126433,0.0005078968318954349,0.000615822292656759,1.2124948493152712,4.832425289733679,0.8097018039375903,0.46439242581571694,0.989803671931792
912,0.17299957325061163,0.5565357804298401,2.211876312891642,0.32497113943099976,0.0827750563621521,0.11125252395868301,0.8330180048942566,0.24869494140148163,0.3460507094860077,3.302978992462158,1.0794346332550049,2.2532153129577637,10867.2607421875,112966.703125,21019.392578125,48.188072204589844,30694.873046875,1.3581296127919995,-0.13580966021351282,0.21106728427380667,1043.6903630410854,551.3029665779052,0.6346355134983713,0.3352301158246597,0.0005220852077050987,0.0007978196846809265,1.5281407573063766,21.513555167714042,21.513555167714042,11.479826133216104,0.21106728427380667
913,0.05122694248954455,0.349649041891098,10.674339056015015,0.04197275638580322,0.033664438873529434,0.078043632209301,0.27783337235450745,0.22302868962287903,0.4733888804912567,2.0452346801757812,26.802295684814453,3.1754868030548096,26918.3046875,36707.09765625,17244.955078125,7.14677619934082,5788.7841796875,2.4321544081385973,-2.96437572446363,0.7587279268997523,1023.7333122103618,573.9992780442728,0.6057707369995763,0.3396509242698691,0.0004729171868360267,0.0007798936511698947,1.649112514577114,4.8236583509927575,4.596174085835127,2.4346740547065284,0.7587279268997523
914,0.07680090640981992,0.1666688472032547,1.143199662367503,0.05814122408628464,0.05515413358807564,0.11710736155509949,0.12091294676065445,0.11637432873249054,0.23487445712089539,0.45545488595962524,0.5614207983016968,2.4127233028411865,32730.21484375,23180.517578125,12529.7578125,27.254745483398438,14289.9755859375,2.3649125118933005,1.2777332737238893,0.71324440409434,1030.5021485346583,521.3514489822369,0.30574498853807136,0.15468244585423094,0.00041597963801692583,0.0007683300728367824,1.8470376975651865,5.44598596131987,5.44598596131987,3.052972573824804,0.71324440409434
915,0.10445459435383479,0.2748025059700012,1.2545711398124695,0.03343672677874565,0.04488321766257286,0.23504383862018585,0.06992693245410919,0.09922726452350616,0.45959004759788513,0.2877354025840759,0.800965428352356,2.6750125885009766,30846.771484375,15913.4541015625,3863.25146484375,23.93115997314453,12576.021484375,2.6067841318950102,1.2827913152875743,0.8603662370018998,945.2246108681455,504.9315176101935,0.30750477312140956,0.16426661978465024,0.0003343009144068164,0.0005806158145113748,1.7368059418611512,4.961626713445819,3.0277093046312635,1.875080399415133,0.8603662370018998
916,0.029158708329002064,0.10430276393890381,1.0199792782465618,0.026050807908177376,0.028420429676771164,0.03300488740205765,0.0957455262541771,0.0967753529548645,0.11810539662837982,0.7253620624542236,1.2494142055511475,1.085161566734314,25592.115234375,20988.826171875,18292.50390625,11.26562213897705,8080.03369140625,0.6796888622175662,1.6371524150714327,0.7777683223777425,1008.2303571293503,502.9649634521751,0.261365423930712,0.13038453957016444,0.00033330214890607714,0.0006484952628441872,1.9456678121416189,4.984490574921626,3.4364907255241564,1.752044239194058,0.7777683223777425
917,0.07597136373321216,0.30896657705307007,2.1174325148264566,0.04589253291487694,0.05611318349838257,0.12590837478637695,0.41355493664741516,0.3616725206375122,0.2929941415786743,2.891312599182129,1.6173980236053467,1.8435869216918945,37925.51171875,27576.84375,4752.75390625,12.111785888671875,4702.72900390625,2.3390019349950744,-2.225222223967079,0.694845905577694,1031.0463356491864,509.5159868780106,0.5221487776594931,0.2580321955936272,0.0003990195727994004,0.0007288322472976064,1.8265576352165893,7.041050193728102,7.041050193728102,3.8490712651587926,0.694845905577694
918,0.04898027082284292,0.14959555864334106,1.052527626355489,0.05196740850806236,0.04613877087831497,0.04883463308215141,0.12502747774124146,0.18167726695537567,0.15804807841777802,0.7507030963897705,1.4623322486877441,0.9445475339889526,14552.025390625,15674.7158203125,12332.12109375,12.514126777648926,5990.19580078125,2.595536756732159,2.543149186479754,0.8545794181511087,1018.8090999148804,507.6281199553826,0.5338771044168314,0.266007666033786,0.0006032250107847411,0.0006482300778106233,1.0746074287724485,4.98591919666598,2.0651951654980576,0.8218336747790659,0.8545794181511087
919,0.1074139674504598,0.32643139362335205,1.2631798088550568,0.04287494719028473,0.0420537143945694,0.23731324076652527,0.0938224121928215,0.10997943580150604,0.5692586302757263,0.48446449637413025,1.5090851783752441,1.795989751815796,32149.66015625,25148.123046875,4401.99560546875,15.550994873046875,12422.2197265625,2.993357569699905,-1.4275345127067618,0.9890332835911938,1045.526699931548,542.8207738780176,0.34342523453945184,0.1783009000096793,0.00033211322395339607,0.0005374143151758607,1.6181659639402786,4.725336727503652,0.6672790418092434,0.3644740398124383,0.9890332835911938
920,0.09464339539408684,0.4485416114330292,1.5477924545605977,0.06761903315782547,0.048756953328847885,0.16755419969558716,0.3309824466705322,0.22727727890014648,0.5727089643478394,0.9487653374671936,0.8921318054199219,2.8024802207946777,64803.1171875,86219.703125,5070.37890625,34.548545837402344,16999.361328125,1.3211520035820914,0.6462991442297108,0.24705932395552224,1000.2645398196308,486.1416973418389,0.36008829982865787,0.17500764078191428,0.0004653655734374642,0.0006611576094547807,1.4207273747627724,21.499284452886485,21.499284452886485,13.377590763694627,0.24705932395552224
921,0.06221128006776174,0.23128093779087067,1.1312176585197449,0.04590417444705963,0.0346408411860466,0.10608882457017899,0.1693977266550064,0.13198579847812653,0.32602155208587646,1.178607702255249,0.6359489560127258,1.5790963172912598,24508.1796875,18487.396484375,8293.2900390625,11.159158706665039,6821.63720703125,2.688014879773804,-1.6298629386657235,0.8988851343090287,1045.899305983645,463.4896087127876,0.3721300288722356,0.16490918435982582,0.00034065144625407696,0.00045759484906934226,1.3432934282276388,4.868914360690858,2.3896975345107787,1.3057561606856822,0.8988851343090287
922,0.08908463766177495,0.26927992701530457,1.9649421374003093,0.16335076093673706,0.0632096379995346,0.04069351404905319,0.39675194025039673,0.16269458830356598,0.12577040493488312,1.4272854328155518,1.3314471244812012,3.136093854904175,7616.162109375,17476.87109375,27346.98046875,13.811239242553711,8580.7900390625,1.1028225092589143,-0.6758796998689474,0.45107887694126875,966.1506512586908,537.1302674741497,0.42472398072221024,0.236124775231273,0.0005565235034440689,0.0007663730324475233,1.3770721770146126,5.673656843303457,5.673656843303457,2.310566231698381,0.45107887694126875
923,0.2035814126332601,0.709936797618866,0.9552420675754547,0.03834481164813042,0.0353345163166523,0.5370649099349976,0.10489577800035477,0.09427983313798904,1.1086090803146362,0.8136075139045715,0.44873347878456116,1.6033852100372314,30753.15234375,25473.2109375,126.09171295166016,17.691165924072266,10941.7470703125,3.114313755760854,0.7646825547238589,0.9996279539386201,1045.8447873400235,566.2065084258156,0.4183570030888208,0.22649293744330384,0.0004001671320256917,0.000762209549750203,1.904728021743843,4.998587841911353,0.18278930676685762,0.10065454101932905,0.9996279539386201
924,0.15245464195807776,0.49663761258125305,0.9252238472302755,0.06310081481933594,0.05217321962118149,0.3420898914337158,0.18232659995555878,0.17460666596889496,0.6691731214523315,0.507501482963562,0.7258338332176208,1.5423362255096436,37238.609375,36932.05078125,3511.721923828125,20.123472213745117,12117.509765625,0.9920955578629164,0.8107865871714783,0.5469367163030947,1046.0044240185737,475.08967181640367,0.3042085839969854,0.13816992836379657,0.00030481979892865225,0.00047927689625275116,1.5723286280525803,10.240322654665995,10.240322654665995,5.2167316795644725,0.5469367163030947
925,0.18464187408487,0.9520289897918701,3.406371275583903,0.0418831966817379,0.043081335723400116,0.46896108984947205,0.12125030905008316,0.13072319328784943,1.6887836456298828,2.7211897373199463,3.690141201019287,3.8077828884124756,32121.8046875,29449.07421875,38.69826126098633,15.517383575439453,10583.0732421875,3.1403288818263184,1.6086498055178637,0.9999992014405712,1022.5488694695625,622.5634232050936,0.5539161702174591,0.3372434877152849,0.0004022185774070738,0.0007427263790565077,1.8465740290877113,4.604877476607683,0.005551503275414902,0.0029846028452810386,0.9999992014405712
926,0.12156441062688828,0.4198555648326874,0.9097422957420349,0.2885087728500366,0.03687223792076111,0.039312221109867096,0.5310279726982117,0.14346270263195038,0.14168497920036316,1.032110333442688,0.7035505175590515,0.9935660362243652,4408.87158203125,44370.96484375,28925.56640625,16.46100616455078,11002.697265625,1.9807340079936626,2.9204146290749984,0.39855217334016907,959.5794052537759,478.6023539027083,0.41691465462856026,0.2079414522542749,0.0003472079179002606,0.0005741585650654453,1.6536447916789123,9.243754716978252,9.243754716978252,4.7137088673030565,0.39855217334016907
927,0.05955879141887029,0.13457627594470978,0.7887978355089823,0.072713702917099,0.049867816269397736,0.056094855070114136,0.15903182327747345,0.11233688145875931,0.12850803136825562,0.7471462488174438,0.7827991843223572,0.836448073387146,13247.3505859375,20477.134765625,7135.65380859375,23.01822280883789,8173.1572265625,0.36721258720568767,2.8501475758104755,0.9333316938468486,930.1020136085269,427.88965458558187,0.28745093737342753,0.13224063651450843,0.00033112893390351266,0.0005298136197093468,1.6000221226929348,4.894969248223633,1.714532487388746,0.8752381745497173,0.9333316938468486
928,0.18053018674254417,0.6327976584434509,1.940992832183838,0.04899471998214722,0.06090046837925911,0.4316953718662262,0.13491559028625488,0.16642142832279205,0.94520503282547,2.2955267429351807,2.0412545204162598,1.4861972332000732,20439.111328125,14798.5107421875,400.93115234375,15.947456359863281,6324.8046875,3.0309121378908284,0.8468475325911893,0.9938811619540086,992.4030566571056,487.686178803095,0.5513212051101799,0.2709299714563469,0.0003781862419499593,0.0005589618201990601,1.4780067548650293,4.938569729316091,0.566289971494094,0.3578155164699216,0.9938811619540086
929,0.09085250645875931,0.6045235395431519,31.50033183892568,0.05068090558052063,0.03683703392744064,0.18503957986831665,0.31350257992744446,0.2612054944038391,0.7888250946998596,1.584948182106018,90.21178436279297,2.7042629718780518,29204.404296875,19213.943359375,2622.869873046875,8.852388381958008,4216.01123046875,2.3773189436676474,-2.0771451001995884,0.7218851498793831,883.6417231944472,356.9127621598617,0.27564277652263874,0.1113351963309904,0.0003769417311975972,0.0007446646970048153,1.975543261391914,6.116970702058711,6.116970702058711,3.740879985881938,0.7218851498793831
930,0.0932019477089246,0.3979264497756958,2.6559622486432395,0.06537541002035141,0.06945790350437164,0.14477252960205078,0.24346990883350372,0.2520553171634674,0.5929451584815979,1.5791443586349487,0.876680314540863,5.512062072753906,25748.728515625,24235.826171875,5569.06884765625,12.264386177062988,7021.6328125,2.861860838179897,-1.7456623016917177,0.961129518075233,1043.6867952672158,526.6200978262798,0.734569682122096,0.37064678753582847,0.0003184882116305238,0.000732286276897844,2.2992570844266123,4.908080054756771,1.4770400361300176,0.9036938359145585,0.961129518075233
931,0.04564382756749789,0.138090580701828,0.71139923731486,0.042688481509685516,0.047430865466594696,0.046812135726213455,0.12850360572338104,0.14129316806793213,0.1442888081073761,0.6279717683792114,0.6967402696609497,0.809485673904419,19931.302734375,14018.021484375,11257.2958984375,10.323720932006836,6291.06884765625,0.5517104530421825,1.8071484070909083,0.8516292434408952,1009.6710845141102,499.4858679504331,0.3568700682094613,0.17654418205995676,0.0004150301421010892,0.0004423139422343744,1.06573932195662,4.543989152525317,2.4019998708418586,0.9590665939938852,0.8516292434408952
932,0.16241433968146643,0.5204477310180664,1.6925286054611206,0.0838017612695694,0.34388819336891174,0.05955306440591812,0.21914544701576233,0.9296543598175049,0.15440011024475098,1.3857529163360596,2.297600269317627,1.3942326307296753,26546.416015625,5017.6396484375,25489.482421875,16.78855323791504,10255.802734375,1.9348316449635792,2.0331788861315765,0.35604799630561773,1027.3466330676658,562.9986055255691,0.6856575981128883,0.37574880685878675,0.00048520282718027583,0.0007980070894577163,1.6446876332013187,8.43945256989894,8.43945256989894,2.6431384185681894,0.35604799630561773
933,0.06283282240231831,0.27436819672584534,1.3836574951807659,0.05533893406391144,0.04373738169670105,0.08942215144634247,0.22980986535549164,0.18698139488697052,0.37253546714782715,0.7608870267868042,1.5792744159698486,1.8108110427856445,31320.6484375,31905.228515625,14471.267578125,11.635171890258789,8819.4521484375,2.767555903489761,2.948217179382995,0.9308600021488708,1038.402786427418,624.0953127601304,0.7497298159719689,0.4505986213638942,0.0004327924176749614,0.000775629945859438,1.792152344133618,4.8729048563124575,1.630003974652087,0.7330656210722399,0.9308600021488708
934,0.17551019539435705,0.6638915538787842,2.096755584081014,0.06757813692092896,0.09097977727651596,0.3679726719856262,0.19209648668766022,0.27674397826194763,1.1395741701126099,2.0066158771514893,1.290593147277832,2.9930577278137207,22148.8515625,36271.19921875,1224.0860595703125,14.470108032226562,10589.6083984375,3.112741177663842,-1.0565383340145638,0.9995838250385843,1029.009921907823,631.099266682572,0.7316107304901763,0.44870218029910414,0.0006031843606493793,0.0007112811254235693,1.179210158330058,4.860702001230659,0.09636832069061248,0.04148125836859216,0.9995838250385843
935,0.0441671647131443,0.12294458597898483,0.43167712291081745,0.0440901555120945,0.05102160573005676,0.03738973289728165,0.12991301715373993,0.12784850597381592,0.1102510541677475,0.5435337424278259,0.3934822976589203,0.3580153286457062,26343.302734375,29130.73828125,10329.8232421875,15.589547157287598,10557.4052734375,0.2650137426336913,2.057876392046368,0.9650889014670642,1036.3467796647035,581.4333814263698,0.5429318472618857,0.30460720873728897,0.0005113764818424071,0.0006098389276688859,1.1925439462365073,4.7292330018071596,0.9755174491295421,0.38481719082601984,0.9650889014670642
936,0.07318111757437389,0.1770085245370865,1.331022044022878,0.07354540377855301,0.07550837844610214,0.07048957049846649,0.17717011272907257,0.17915372550487518,0.17467014491558075,0.6531306505203247,2.5161149501800537,0.8238205313682556,25106.33203125,14269.7548828125,22655.8984375,20.2935848236084,10918.7275390625,0.7942171013377924,-1.2065404566515006,0.700843434232379,1041.5309580252224,547.4791451382338,0.5455007410720206,0.28674162500232725,0.00036215105405901574,0.0007858034853519661,2.1698224443767944,4.8779813048774825,4.397729161430387,1.6872054493297264,0.700843434232379
937,0.0924885521332423,0.22215069830417633,0.8793569803237915,0.09970802813768387,0.0915471613407135,0.0862104669213295,0.22918356955051422,0.22004812955856323,0.2163824886083603,0.6316859722137451,1.1179804801940918,0.8884044885635376,35857.8203125,20625.701171875,11232.7001953125,28.11577796936035,12508.9951171875,1.0570077232863766,-1.93894968530847,0.4914802183507743,1009.85602844739,465.81664943451324,0.498635602798361,0.23000582186096435,0.0003745085173438552,0.0006076905951063077,1.6226349120609085,8.071764932326557,8.071764932326557,4.798182109628324,0.4914802183507743
938,0.10701230665047963,0.29824748635292053,0.7223517894744873,0.11103526502847672,0.10328806936740875,0.10671358555555344,0.318267822265625,0.29115691781044006,0.2883731722831726,0.6858837604522705,0.53741455078125,0.9437570571899414,46675.05859375,36764.27734375,12079.1748046875,18.016170501708984,14569.2685546875,1.9521024905775046,-2.15687321162438,0.37213314077430293,970.349293263158,521.6664472030461,0.4105910302091721,0.22073655895843353,0.0005471967225620356,0.0007262099855874281,1.3271460804575594,15.233432239404108,15.233432239404108,6.715257053162967,0.37213314077430293
939,0.036905366306503616,0.16022178530693054,1.1977566679318745,0.03196892887353897,0.03028297983109951,0.04846419021487236,0.1233472228050232,0.13337388634681702,0.21702586114406586,0.48021382093429565,1.3372609615325928,1.7757952213287354,30991.333984375,15208.869140625,15847.78515625,10.456192970275879,7319.90283203125,0.6720087582056611,1.730971023474936,0.7825726746200906,1000.7004894962276,558.9664640542499,0.4909845974103193,0.2742518138046541,0.00030323700088009335,0.0006269589068460738,2.06755410793021,4.947328086795603,3.551974177641568,1.8633919564633739,0.7825726746200906
940,0.04301448042194048,0.22895348072052002,4.530596494674683,0.02007715404033661,0.02516007050871849,0.08380621671676636,0.11794916540384293,0.13156284391880035,0.29790306091308594,11.405471801757812,0.5210452079772949,1.6652724742889404,31316.4921875,30684.548828125,4854.181640625,7.940654277801514,6234.46923828125,2.6566364652809558,-2.557679932546064,0.8846953736361324,965.9785161853639,562.4597497102712,0.5368735057095103,0.31260502442634175,0.00038699658223285657,0.0006282185391578469,1.623318054989557,4.935490210123811,3.4991029802174696,1.9273132162861493,0.8846953736361324
941,0.12067532787720363,0.376139760017395,1.7660058736801147,0.09070242196321487,0.06585448980331421,0.2054690718650818,0.26231834292411804,0.17483027279376984,0.5701420903205872,2.260197401046753,0.7138761281967163,2.323944091796875,31584.68359375,24967.9296875,2101.478271484375,17.456796646118164,9984.7373046875,3.081280828644171,1.9459632987478104,0.9981817931325345,1037.7991466920666,556.927193311071,0.7808665821758924,0.4190462435316175,0.0004880712179877411,0.000753796096096342,1.544438738272977,4.951654676642167,0.18840057116575612,0.10547680106550524,0.9981817931325345
942,0.08627316541969776,0.41269418597221375,0.7778608997662863,0.026925643905997276,0.036228492856025696,0.1956653594970703,0.11745066940784454,0.14177271723747253,0.6376190185546875,0.5113968253135681,0.670810341835022,1.1513755321502686,31044.716796875,31596.78515625,3216.235595703125,9.724968910217285,8739.58984375,2.711299385864009,-2.5213113554831623,0.9088434558362282,1044.2862972560529,710.9901847282738,0.5152973463011083,0.35083420743840543,0.0003772140857929381,0.0005429367539883012,1.4393331915137768,4.790227201937919,2.572181359484259,1.2813579873034064,0.9088434558362282
943,0.0559454100827376,0.20520320534706116,1.0552350083986919,0.04444541409611702,0.07520624995231628,0.04818456619977951,0.1671322137117386,0.2597436010837555,0.17603319883346558,0.5352450609207153,0.7773048281669617,1.8531551361083984,40729.59375,10627.111328125,15199.9619140625,15.996968269348145,8843.826171875,1.0804375189679125,1.509555749436437,0.4709424458051321,950.9052842950545,471.50846338650155,0.47302666566828894,0.2345513059541374,0.0005483252647163965,0.0005654420195708289,1.031216425643428,9.534315440299377,9.534315440299377,4.492013570753772,0.4709424458051321
944,0.16717338313659033,0.46930521726608276,1.951029102007548,0.11024405807256699,0.11932215094566345,0.2719539403915405,0.2837170362472534,0.30255135893821716,0.757914662361145,1.3610286712646484,2.5909552574157715,1.9011033773422241,32568.9765625,35225.34375,2791.665771484375,20.38721466064453,13429.2080078125,2.559295842136068,0.8079981514711547,0.8352017370542717,1009.7733910770373,562.2471498803934,0.6501760734180425,0.36202146682614533,0.0005133130592341254,0.0007974744657880204,1.5535830453600192,4.964921247774037,4.063873614438409,2.4450960549790834,0.8352017370542717
945,0.07738595952590306,0.21122151613235474,1.1286771098772685,0.08471457660198212,0.04907170683145523,0.09837159514427185,0.2253066450357437,0.1319464147090912,0.2578328549861908,1.2800061702728271,0.9858419299125671,1.1201832294464111,27384.529296875,118897.8359375,9904.486328125,77.15879821777344,35158.00390625,1.7751370250264598,0.20956500603534822,0.20292161906987566,941.7086469149945,409.03390867357484,0.44871636578452245,0.19490126758835255,0.0004433173615884343,0.0007715778904628377,1.7404639594944467,25.386385013159657,25.386385013159657,15.658838222651251,0.20292161906987566
946,0.08441252385576566,0.23875243961811066,1.4681201974550884,0.04127819836139679,0.042487096041440964,0.16947227716445923,0.09526197612285614,0.10741879791021347,0.37877362966537476,0.472647488117218,0.5811796188354492,3.3505334854125977,40242.54296875,38801.125,1408.8350830078125,18.46723175048828,16295.681640625,2.988515600253575,-2.1797883374292732,0.9883065685918235,1004.0877223907811,741.3733734856545,0.30794020449127624,0.22736924587820834,0.00031031520455283065,0.0006133345974974383,1.9764890295377684,4.969475557754436,0.8684662470918684,0.6007400677094824,0.9883065685918235
947,0.08236552526553471,0.17379434406757355,0.5734426379203796,0.09019380807876587,0.08101249486207962,0.07589027285575867,0.184446319937706,0.17290526628494263,0.16308584809303284,0.6970154047012329,0.4338260293006897,0.5894864797592163,18606.60546875,20674.916015625,4542.6708984375,17.34587287902832,9195.8583984375,0.3273323557754024,-1.9070635443267572,0.946903407845614,979.8542001538046,509.6380265556262,0.38439100778525087,0.19992798377825372,0.00037725879897099613,0.0005087296732061956,1.3484898817305175,4.9010275416553375,2.0008021399804625,0.9248791187301473,0.946903407845614
948,0.0980481964846452,0.2400410920381546,1.182398537794749,0.17275109887123108,0.05941774323582649,0.06197574734687805,0.3563400208950043,0.1340237706899643,0.1514226645231247,0.7965747714042664,1.4928685426712036,1.2577522993087769,5114.935546875,55796.09765625,18850.146484375,47.4865608215332,19320.412109375,1.8838526751204265,-0.017920879281095647,0.30796787020787986,1045.2557816214328,408.6712897712242,0.3978116923788736,0.15553534385464737,0.000323179502855192,0.0007967561354897835,2.4653671673193593,14.637040304451217,14.637040304451217,7.420318699341053,0.30796787020787986
949,0.05594612037142118,0.1643609255552292,0.48396344979604083,0.055222976952791214,0.059381380677223206,0.053234003484249115,0.15751196444034576,0.17609454691410065,0.15906602144241333,0.31206369400024414,0.4104650616645813,0.7293615937232971,20101.60546875,18937.939453125,8296.736328125,9.718938827514648,7313.62939453125,2.767765362918557,3.084432231954449,0.930936513186678,941.0565896148178,489.9347594189385,0.28210737579051004,0.14687130488593023,0.00032201687894019965,0.0004930952981168092,1.531271589674589,4.724232225180923,1.638265084070908,0.8253129464043786,0.930936513186678
950,0.06693388273318608,0.16204234957695007,0.6336363951365153,0.048466019332408905,0.04868718981742859,0.10364843904972076,0.10965639352798462,0.11163035035133362,0.22898899018764496,0.6036089658737183,0.4453427791595459,0.8519574403762817,36719.49609375,20940.830078125,12182.439453125,32.172306060791016,14304.431640625,1.0101007291613466,-1.907125138478217,0.5317754180147635,1030.8825957416204,472.33924619034326,0.2978506490400403,0.1364719431931691,0.0003545000864735549,0.0007763030728886242,2.189852985964039,9.090010657636192,9.090010657636192,4.785387260109232,0.5317754180147635
951,0.0539684829612573,0.12914782762527466,0.6064250071843466,0.050593532621860504,0.04839089885354042,0.06292101740837097,0.10881327837705612,0.11308148503303528,0.1606212854385376,0.7288548946380615,0.37965941429138184,0.7107607126235962,29191.548828125,11530.4189453125,11575.302734375,24.279998779296875,10960.31640625,0.8380328689790008,-1.6087419292971625,0.668926344069325,916.4938989187517,405.0381788885652,0.441241718835974,0.19500374465976333,0.0004687078078750127,0.0007777548513568885,1.6593597083074139,5.40067182098209,5.40067182098209,2.7908867007849674,0.668926344069325
952,0.08316912998755772,0.2196677178144455,0.7945792078971863,0.1021609902381897,0.06963125616312027,0.07771514356136322,0.24931924045085907,0.19280818104743958,0.208978071808815,0.7880672216415405,0.6888432502746582,0.9068271517753601,19543.986328125,18556.30859375,15849.6640625,17.306917190551758,8149.9375,2.5954161589903024,-0.5039471568634109,0.8545167830297951,1012.2986393949903,425.7090245393839,0.4791576743544606,0.20150352693539997,0.0003289746692072996,0.0005672156398293114,1.7241924467804146,4.944050055372891,2.4638184513186956,0.6781690348105031,0.8545167830297951
953,0.08481003840764363,0.2469547539949417,0.9500342806180319,0.058136239647865295,0.07670438289642334,0.11958949267864227,0.1703602373600006,0.22868119180202484,0.311336487531662,0.6763884425163269,0.9354418516159058,1.2382725477218628,62328.3515625,18835.888671875,24070.779296875,29.059152603149414,17690.8984375,1.9102828611887324,1.4082161303502092,0.33300297610486257,998.9937904944197,550.853254473104,0.6462896603701598,0.35636934496962536,0.0004015633823021516,0.0006952677455371735,1.7314022547355366,12.911830343687216,12.911830343687216,6.009890929066248,0.33300297610486257
954,0.06096139053503672,0.3365142345428467,1.2667580842971802,0.035291582345962524,0.020736053586006165,0.12685653567314148,0.15464486181735992,0.10593346506357193,0.48109516501426697,0.7946798801422119,0.6666074991226196,2.338986873626709,35076.45703125,37273.13671875,3811.3076171875,10.648677825927734,8142.70703125,0.8719803752910136,0.7759960483763484,0.6433116256205229,1003.1912215121334,465.7974787865869,0.47640658692554994,0.22120307904285244,0.0003945020318886389,0.0007381976095329858,1.871213707059857,7.847241844346963,7.847241844346963,4.957109379002725,0.6433116256205229
955,0.14107116063435873,0.3170214891433716,1.073147217432658,0.20924954116344452,0.12556563317775726,0.08839830756187439,0.4267421066761017,0.26011666655540466,0.20804160833358765,1.2332758903503418,1.098069429397583,0.8880963325500488,42154.63671875,65217.67578125,39532.7734375,34.89388656616211,28985.169921875,1.4197917904481887,-0.6506096137690944,0.1504313133944108,1037.3008183257687,582.4357423244027,0.4902757634943065,0.2752857447036066,0.0005509153921245086,0.00060082599743465,1.0905957720979078,22.34034687622044,22.34034687622044,7.731996352007871,0.1504313133944108
956,0.09515595684448878,0.22513610124588013,0.9115136663118998,0.11611993610858917,0.07433269917964935,0.09501523524522781,0.26040875911712646,0.178174689412117,0.2254132181406021,0.6962251663208008,0.7898841500282288,1.24843168258667,10349.3984375,82045.0703125,27231.90234375,58.439979553222656,26649.85546875,1.3854663102739668,2.9584071648250463,0.18427090870699026,988.3666233794016,477.5130861362977,0.5156902225276654,0.24914725348325809,0.00043984887034859924,0.0006940681570047841,1.5779696250093926,21.753239363139258,21.753239363139258,10.769287871020191,0.18427090870699026
957,0.07977390165130298,0.4513131082057953,1.9224331974983215,0.038372237235307693,0.02993699163198471,0.17101247608661652,0.2383715659379959,0.20555447041988373,0.5151400566101074,3.750213623046875,1.024813175201416,0.9922727942466736,57075.61328125,55939.9140625,4847.29541015625,14.339670181274414,9272.6455078125,1.9429897997625416,-2.327258554767478,0.363659595230565,1000.1052923091775,499.59908181955313,0.27844190636755667,0.13909467516177526,0.0003180887523639125,0.0007655857161870268,2.4068305166325126,14.65604963187309,14.65604963187309,8.492777664288187,0.363659595230565
958,0.06386854499578476,0.18326474726200104,8.933235088984171,0.061340779066085815,0.06497430801391602,0.06529054790735245,0.16642048954963684,0.18177294731140137,0.20053760707378387,18.432207107543945,2.5295073986053467,5.837990760803223,37262.07421875,27970.353515625,9363.87109375,27.781631469726562,12392.251953125,0.9733099542522573,-2.0778022502531,0.5625661055206886,1042.41167070406,444.9696213627006,0.5738369166263895,0.24495120564289513,0.0004055327970612535,0.000761661304144186,1.8781743663241652,8.6094540848067,8.6094540848067,5.468615691023177,0.5625661055206886
959,0.04321891193588575,0.18117789924144745,1.5500609278678894,0.04163269326090813,0.03270779550075531,0.055316247045993805,0.17336146533489227,0.13405802845954895,0.22759151458740234,0.9164953827857971,2.1229021549224854,1.6107852458953857,45283.1171875,109494.890625,18091.544921875,25.07675552368164,21699.064453125,1.229487680953428,0.33789400931306623,0.33472053820396863,1034.1988949532254,637.9137837591755,0.3665828466929086,0.22611535550486112,0.0003592342141568082,0.0004904917267703566,1.3653814348436577,15.102968291786084,15.102968291786084,9.501323009120082,0.33472053820396863
960,0.0491815780599912,0.2058068811893463,1.9906598130861919,0.037531010806560516,0.039451390504837036,0.07056233286857605,0.14424973726272583,0.2054033726453781,0.24697862565517426,0.41102510690689087,3.9611778259277344,1.5997765064239502,21158.115234375,22051.482421875,9347.0595703125,8.424148559570312,5402.8310546875,0.48882757146408967,0.1567897797411728,0.8828840272824342,1023.2350680599607,512.8741382943397,0.36175531499902375,0.1813219183401263,0.00040043851762535087,0.0005861666828023062,1.4638119386675037,4.9198316502026005,2.4991082968941516,1.1956740728021402,0.8828840272824342
961,0.08492807919780414,0.22616496682167053,1.646152377128601,0.07441569119691849,0.1263701617717743,0.05399838462471962,0.1752113252878189,0.32089054584503174,0.14598537981510162,0.6868985295295715,3.4351813793182373,0.8163772225379944,28374.556640625,10828.474609375,17904.46484375,19.821928024291992,10152.7998046875,2.204072390523743,1.6540841752760889,0.591788741296245,1044.9260119459861,551.9214917671703,0.6244173029672287,0.32981218325410055,0.00031192138249128387,0.0007888758217945463,2.5290854236855345,6.421523692803542,6.421523692803542,2.63713287842205,0.591788741296245
962,0.041233157739043236,0.2242303490638733,1.7364251613616943,0.0223271194845438,0.031723618507385254,0.06964873522520065,0.1281425654888153,0.15625056624412537,0.32767820358276367,0.707829475402832,1.0718352794647217,3.4296107292175293,33838.1484375,19238.982421875,22265.099609375,9.197301864624023,6618.03759765625,0.9036117409809381,1.5211361539148598,0.618776746175678,1044.4738676489808,565.8287640243491,0.4644050641213063,0.2515847945816855,0.000370385284923085,0.0007185638818681746,1.940044356830734,5.70567408025031,5.70567408025031,3.066045217461674,0.618776746175678
963,0.05404062817494074,0.17018872499465942,0.9171808759371439,0.03952138125896454,0.05327177792787552,0.06932872533798218,0.12661659717559814,0.16176339983940125,0.21105113625526428,1.1540968418121338,0.7512000203132629,0.8462457656860352,136689.328125,36771.9375,23398.87890625,48.6794548034668,36013.15234375,1.3570426060630663,-1.7977048249108483,0.21212967750351286,977.9137203903699,571.7030085259123,0.4150269820016737,0.24263099011952788,0.0003893500045595112,0.0005905212683238056,1.5166848886823265,22.578421937338803,22.578421937338803,12.546105279208742,0.21212967750351286
964,0.04014869158466657,0.08797284215688705,0.5168093144893646,0.03432541340589523,0.03932982683181763,0.04679083451628685,0.07218857854604721,0.08201582729816437,0.10659271478652954,0.4800085127353668,0.46053820848464966,0.6098812222480774,30747.1796875,16203.83984375,11423.7314453125,26.199012756347656,12601.51171875,0.7164054683370038,-1.668983056837973,0.7541710462112703,1028.117320797174,507.53966996768014,0.3505318141649995,0.17304328764399224,0.0003661534656872992,0.00045207959951674113,1.234672458085715,4.898410524655114,4.453341203718003,2.5905768602019217,0.7541710462112703
965,0.05574357509613037,0.28968891501426697,2.5188201467196145,0.03281852602958679,0.03521539270877838,0.09919680655002594,0.1579841524362564,0.15351729094982147,0.4720110595226288,1.7319085597991943,0.42045432329177856,5.404097557067871,17771.14453125,26831.45703125,6348.54443359375,7.405336380004883,5488.6474609375,0.604886186083399,0.29630415896246776,0.8225668253445687,1000.1010646784441,440.667767355675,0.4176111581297638,0.18400917984726872,0.0005076413779300103,0.0007203054557848496,1.4189258147592527,4.88448710112957,3.558066082018534,2.2517736972721627,0.8225668253445687
966,0.10173224906126659,0.42367538809776306,6.275165756543477,0.04536359757184982,0.03615882247686386,0.22367432713508606,0.13193529844284058,0.12224406003952026,0.7222791314125061,0.5810114145278931,5.233607292175293,13.010878562927246,20002.677734375,15295.564453125,2163.780029296875,12.015420913696289,5898.74267578125,3.0264933233917306,-1.3855492421518159,0.9933833816022904,1008.173372837949,393.7585847258756,0.5915791894072093,0.23105091906816852,0.000487388006690123,0.0006518428419384995,1.3374207674193663,4.988982219546856,0.5182086288859477,0.2691786950650673,0.9933833816022904
967,0.10262306531270345,0.2601650655269623,0.3952092031637828,0.07560306787490845,0.0626893937587738,0.1695767343044281,0.16089917719364166,0.1274246871471405,0.40417420864105225,0.2901937961578369,0.23717650771141052,0.6582573056221008,21691.080078125,29057.46875,3561.29052734375,19.565345764160156,12367.658203125,0.11246402065950434,2.728445331707671,0.9936825848792717,936.7041957299688,555.7172707812455,0.3113303178431051,0.18470252971206239,0.0003344808598408732,0.0005398295389009966,1.613932525639334,4.81321141342512,0.39652226186717876,0.20484195603399885,0.9936825848792717
968,0.1750209971020619,1.0268630981445312,49.25683003664017,0.029304584488272667,0.0522681400179863,0.44349026679992676,0.11309945583343506,0.17110908031463623,1.8260035514831543,129.25894165039062,0.6885542273521423,17.822994232177734,21789.66796875,20206.71484375,1051.8201904296875,11.441658020019531,6071.61328125,0.03646128729696544,-0.5152572259730746,0.9993353609015643,1028.4571093179304,455.8385133232403,0.7807443524768953,0.34604587949672616,0.00031500487486575354,0.0007596462737633874,2.4115381518686902,4.981310879392932,0.1352350537071562,0.04853458336391786,0.9993353609015643
969,0.08389751737316449,0.20677830278873444,1.4947972496350606,0.05178353562951088,0.07112100720405579,0.12878800928592682,0.12155050039291382,0.16663025319576263,0.2949907183647156,1.209807276725769,0.9186775088310242,2.3559069633483887,36422.26171875,23039.5,13026.6455078125,23.667373657226562,13706.6005859375,2.2999900684808585,1.2801800491901103,0.6662686152613766,944.6243045233211,506.89064411642175,0.47987242902465255,0.2575022085259217,0.00032833011664173576,0.0007624604598009364,2.322237349408038,6.745345570903233,6.745345570903233,3.239979182659005,0.6662686152613766
970,0.030278228223323822,0.16793961822986603,1.2597296833992004,0.029338806867599487,0.029141735285520554,0.032354142516851425,0.1727961152791977,0.16015808284282684,0.1715635508298874,0.8541434407234192,1.2463921308517456,1.6786534786224365,21454.712890625,17714.896484375,15032.013671875,7.045574188232422,4849.0859375,0.6128808808283758,1.7567549977790753,0.8179942559238357,1012.7028378090193,489.1048369253602,0.5854497192908261,0.2827545048666469,0.0003006126086704091,0.0007067361741080036,2.3509864647190075,4.87874322620606,3.0625119351298467,1.2195327874117214,0.8179942559238357
971,0.2774292528629303,0.9125667214393616,3.103983918825785,0.09837128221988678,0.5992879867553711,0.13462848961353302,0.2269492894411087,1.9931257963180542,0.32703670859336853,0.7694753408432007,5.819798946380615,2.72267746925354,84869.03125,3016.4560546875,31767.958984375,50.85599899291992,28342.232421875,1.310634436264412,-1.450542874252474,0.2572369979088335,1015.0411605393263,539.844225065963,0.42019357841912086,0.22347771256767252,0.00043149899658211874,0.000631661316944556,1.4638766763026396,15.780326058407162,15.780326058407162,8.988727908884588,0.2572369979088335
972,0.0441820714622736,0.2173624187707901,1.8494653304417927,0.024553554132580757,0.03655598685145378,0.07143667340278625,0.1100190281867981,0.15623228251934052,0.31526675820350647,2.0830655097961426,0.995327353477478,2.470003128051758,32279.51171875,26648.642578125,8872.9541015625,10.275352478027344,7134.814453125,2.6834616917358347,-1.8166278267500449,0.8968806878979604,951.7577866188924,613.6160891331841,0.49321665715480456,0.31798602597601927,0.00047976195962043595,0.0005777987848005486,1.20434472390782,4.865576717709111,2.7022587927490305,1.44904963359865,0.8968806878979604
973,0.098846269150575,0.42264628410339355,4.513703187306722,0.045466817915439606,0.04344063997268677,0.20763134956359863,0.16653551161289215,0.14769433438777924,0.7147692441940308,9.641144752502441,0.8565554618835449,3.0434093475341797,19258.091796875,21527.736328125,3318.292724609375,11.183857917785645,6459.04052734375,0.1454812708387516,-0.1715879435466019,0.9894362512867608,1047.1616650349342,564.7554040010134,0.7372679765486768,0.39762348819259635,0.0005122097060307302,0.0007115801382486465,1.3892359513506662,4.990837640728222,0.6853183785186144,0.31752760550511594,0.9894362512867608
974,0.058038766185442604,0.2083958089351654,1.0833976070086162,0.0978117436170578,0.04249968379735947,0.03380487114191055,0.31492355465888977,0.1423405259847641,0.11885866522789001,2.3073747158050537,0.4114965796470642,0.5313215255737305,9447.126953125,42854.5078125,21595.8515625,15.48083782196045,11183.8076171875,2.054643073172056,3.0969295554876615,0.46518779505762525,914.6865441647761,480.00389687008703,0.32643742393802855,0.1713059370711145,0.0004035651526565732,0.0006534784785649344,1.6192638890232256,8.59370140857983,8.59370140857983,4.499669004328542,0.46518779505762525
975,0.07490030179421107,0.23135682940483093,2.0256906946500144,0.11882467567920685,0.04976557195186615,0.05611065775156021,0.3263948857784271,0.1433478742837906,0.1748514324426651,4.508232593536377,0.5117838978767395,1.0570555925369263,7353.70654296875,27420.306640625,17201.333984375,17.90587043762207,8613.1748046875,2.2361742563307465,2.908033606205078,0.6173564877488591,1022.3528556526581,433.5040454849548,0.43336839923292475,0.1837594067587162,0.000490646881263437,0.0005538740296556119,1.1288648737139881,5.4816976959443355,5.4816976959443355,2.8028253598752366,0.6173564877488591
976,0.163813183705012,0.3141816556453705,1.9998775323232014,0.17195861041545868,0.1296921968460083,0.18978874385356903,0.30815768241882324,0.24750570952892303,0.3738066554069519,1.390954613685608,1.343427062034607,3.2652509212493896,11624.8837890625,14427.2607421875,4067.0009765625,20.860137939453125,6464.16162109375,2.905070875850556,1.8240697991954953,0.9721588801195352,1020.6546973442163,416.7975633978711,0.32586584251546213,0.13307153683655032,0.00032841482512995814,0.0007249053773628371,2.207285791912659,4.892992357049794,1.0562010108113513,0.33777332423715495,0.9721588801195352
977,0.05054643750190735,0.22005516290664673,1.0175214608510335,0.037393584847450256,0.041825637221336365,0.07242009043693542,0.1774367243051529,0.19272632896900177,0.27182531356811523,0.682746171951294,1.1200538873672485,1.249764323234558,15071.7255859375,25077.5234375,9268.6796875,7.874197959899902,5487.7958984375,2.4070086839506946,-2.958792852780436,0.7421096738121559,849.5291477032489,412.32125954448503,0.2766398052911443,0.13426787446453792,0.00033339309322731397,0.000494058108199464,1.4819086484872241,4.988480759522013,4.521673083350808,2.635704367875465,0.7421096738121559
978,0.11704959223667781,0.43288129568099976,2.3121172189712524,0.05309832841157913,0.05328120291233063,0.24476924538612366,0.16364476084709167,0.17123185098171234,0.6587860584259033,0.7091706991195679,1.0455846786499023,5.181596279144287,85316.671875,84487.7734375,5285.78857421875,49.507633209228516,28339.3046875,1.3462315493381347,-2.3535045796075993,0.22268208864447298,978.8111499444128,502.4998674672199,0.38602313151130696,0.1981756873475839,0.00045740926704488033,0.0006811812007550522,1.489216003768056,22.476342349244074,22.476342349244074,14.204232464429182,0.22268208864447298
979,0.05471042109032472,0.24781204760074615,1.5288678407669067,0.04332784190773964,0.029830818995833397,0.09097260236740112,0.17275837063789368,0.12931978702545166,0.3893565535545349,0.8674163818359375,0.7558580636978149,2.9633290767669678,24346.767578125,18335.9296875,6896.18017578125,8.88990592956543,5805.89599609375,2.625292595803346,-1.8066467667976134,0.8696516632502267,911.8322627156851,456.7043082034705,0.31694475586506343,0.1587463411691165,0.00033041320896520733,0.0007241492739160219,2.191647471310008,4.915138442111927,3.061882567821009,1.7326992032697883,0.8696516632502267
980,0.1466126243273417,0.27390044927597046,1.7215642929077148,0.10568538308143616,0.21395723521709442,0.12019525468349457,0.19145619869232178,0.35268548130989075,0.2355658859014511,0.6421129703521729,1.1423840522766113,3.3801958560943604,26566.2421875,10360.138671875,24562.701171875,25.085268020629883,13669.3095703125,1.286217604128331,-0.968091354987842,0.28075314265607,1015.2698961241192,500.0198089849654,0.27780802998426607,0.13682028652432363,0.0003460724487588011,0.0005301250211130412,1.5318324906081082,9.877797562697776,9.877797562697776,4.090945597378213,0.28075314265607
981,0.03989885374903679,0.12013553828001022,0.8314322233200073,0.026912283152341843,0.041278280317783356,0.05150599777698517,0.0767606794834137,0.1258552521467209,0.1500874161720276,0.46930742263793945,0.8586419820785522,1.1663472652435303,16991.53515625,23895.9921875,5740.03515625,14.91207218170166,7335.22705078125,0.2013045127405454,-0.6691993621080932,0.9798065773258287,970.9550638751168,498.2447144199879,0.4516736872497816,0.23177594482759223,0.0003425973371907639,0.00047477223087264266,1.385802454758373,4.921429558606158,0.6881737592507706,0.2998410368244119,0.9798065773258287
982,0.09581862390041351,0.22992336750030518,0.7107059160868326,0.12704426050186157,0.07026880979537964,0.09014280140399933,0.2916879653930664,0.17472702264785767,0.2067718356847763,0.7760661840438843,0.7546623945236206,0.6013891696929932,9741.9267578125,111968.9765625,21056.302734375,66.33601379394531,36088.5390625,1.2915966165282466,-3.1085415686709386,0.27558643734788263,1000.6528654927899,538.1856137383968,0.34918439706153914,0.18780340867548395,0.0003159455369820061,0.0006946897246835801,2.1987641646070935,17.672009625454013,17.672009625454013,11.757880581325377,0.27558643734788263
983,0.06676632165908813,0.14604584872722626,0.8568119208017985,0.06680174171924591,0.05963049829006195,0.07386672496795654,0.14784303307533264,0.13250136375427246,0.1568659543991089,0.7228095531463623,0.5890183448791504,1.2586078643798828,18635.419921875,24480.82421875,11621.4912109375,26.745037078857422,10754.005859375,2.4715939099300486,0.15366958924786456,0.7838224460499242,920.3008097566304,425.54466364103547,0.4104724120202219,0.18980135913741264,0.0005210826686915598,0.0006066830530331025,1.16427409600186,4.740392999444455,3.847746609010389,2.4159927993150125,0.7838224460499242
984,0.16994545236229897,0.7303112745285034,3.3088010946909585,0.03150782361626625,0.03765387088060379,0.44067466259002686,0.09451242536306381,0.10724736005067825,1.1830390691757202,1.3398027420043945,1.6558163166046143,6.930784225463867,21207.0546875,20033.25390625,337.282470703125,15.641172409057617,7536.26171875,0.17465715606540352,-2.2829913133097546,0.9847861729493571,1004.9159960079095,436.04867862759465,0.7237215794763089,0.3140340482971439,0.00042913898286916076,0.0007313071522463796,1.7041265917092092,4.903890781825383,1.1085926641697297,0.6428767775423283,0.9847861729493571
985,0.08377627655863762,0.2150314599275589,0.5005945165952047,0.138864666223526,0.03656478598713875,0.07589937746524811,0.2899940609931946,0.10417742282152176,0.17919397354125977,0.5107324719429016,0.3058583736419678,0.6851927042007446,10914.1953125,23951.62890625,12118.931640625,12.59065055847168,8344.5380859375,2.6249960954446987,-0.5175621737253975,0.869505252920236,950.5000166619899,482.9038036164494,0.5591122684640547,0.28405832336342607,0.00038361545222907213,0.000778961316243059,2.0305785695460203,4.982224174556471,2.389843210534518,0.795146437822364,0.869505252920236
986,0.07282248636086781,0.1906936764717102,0.6411192019780477,0.13974368572235107,0.044336676597595215,0.034387096762657166,0.3029472231864929,0.10012168437242508,0.08474728465080261,0.906801700592041,0.4268075227737427,0.5897483825683594,8962.7041015625,23575.92578125,23546.2734375,20.37019920349121,11355.2568359375,0.9199719560802389,2.707178879502905,0.605842468193227,986.110807175244,558.0202084082428,0.43204335473227534,0.2444846168350087,0.0004054655827137317,0.0007286667580999145,1.7971112448633415,5.013837930387269,5.013837930387269,2.311024730928705,0.605842468193227
987,0.07975209504365921,0.5225425958633423,4.88278063138326,0.06293416768312454,0.07340703904628754,0.10291507840156555,0.472407728433609,0.50600266456604,0.5619540810585022,2.869978427886963,2.7231857776641846,9.055177688598633,114329.9375,46426.25,18633.34765625,34.49391174316406,14172.177734375,1.3731900427871089,1.215101658160096,0.19632276281956343,1041.619238071114,489.820726196286,0.360317877982518,0.16943923288295898,0.00037634368021106945,0.0007885276920557532,2.095232983887264,28.95325073265465,28.95325073265465,16.348789699757162,0.19632276281956343
988,0.10758588959773381,0.36723312735557556,1.5388503472010295,0.18152478337287903,0.05948974937200546,0.08174313604831696,0.531167209148407,0.18821457028388977,0.2700808644294739,2.3874897956848145,1.3317019939422607,0.8973592519760132,6421.875,27446.279296875,34176.33984375,14.285211563110352,10615.0498046875,2.0177566082138423,2.751283353856633,0.4322264230229516,971.9267008630707,596.5890635696474,0.5915121971294528,0.36308263520502004,0.0006102673951444435,0.000773443750279578,1.2673850125919188,8.89791373966369,8.89791373966369,2.635770955832469,0.4322264230229516
989,0.10285112510124843,0.35932648181915283,1.9084569215774536,0.0874510183930397,0.08330009877681732,0.13780225813388824,0.27686285972595215,0.24476057291030884,0.49528640508651733,1.8422377109527588,1.7022918462753296,2.1808412075042725,30672.51953125,28778.16015625,3552.500732421875,12.10619068145752,9598.533203125,0.12208592719120907,1.5765348669015218,0.9925567651864525,1022.1607944179627,589.9440688087153,0.49117026388971785,0.2834808237014676,0.0004841249810705131,0.000777545348460959,1.6060839222583085,4.922191685578231,0.6009161517411099,0.376991699784646,0.9925567651864525
990,0.17376059293746948,0.5777173638343811,2.067509333292643,0.05085054785013199,0.051511459052562714,0.41891977190971375,0.13729752600193024,0.14671795070171356,0.9337515830993652,0.6579697132110596,1.8082985877990723,3.736259698867798,17743.46875,21472.2421875,1219.722900390625,17.01783561706543,7479.38818359375,0.2281795747655751,-2.407370943657721,0.9740797974734041,1011.7632189756051,501.77274753671884,0.7480133877155776,0.3709689438288861,0.0004367895079247829,0.0007589898138283229,1.7376557816929623,4.966234351273552,1.4937128438517264,0.8379573834626127,0.9740797974734041
991,0.030617688472072285,0.1321088820695877,0.7965848247210184,0.023890389129519463,0.03250490874052048,0.03545776754617691,0.11029757559299469,0.1340801864862442,0.14795739948749542,0.6462745070457458,0.8185425996780396,0.92493736743927,25540.056640625,13149.9248046875,12704.40625,9.263643264770508,5543.19775390625,2.5165335311697388,-1.3863479020284717,0.8109285257211497,1037.7926339059788,441.7071371431134,0.6183387722190926,0.263178442338248,0.0004130903150418233,0.0007767681582567561,1.8803833688962477,4.716724135138918,3.2522307546092786,1.5695167996504618,0.8109285257211497
992,0.04683781911929449,0.19503115117549896,1.3593955039978027,0.03609864413738251,0.041299834847450256,0.06311497837305069,0.1649661362171173,0.1767473816871643,0.2235453724861145,0.8313865065574646,2.2690589427948,0.9777410626411438,40372.05859375,18038.748046875,13346.8779296875,12.941468238830566,7704.91259765625,2.270315799724885,-1.7345347520258227,0.6438500854996095,1019.7546730368632,497.1109132785202,0.5169310162322598,0.25199399068791806,0.00046075596705207197,0.0007873215323677109,1.7087603605114732,6.480423892552247,6.480423892552247,3.6553144823176824,0.6438500854996095
993,0.043585612128178276,0.22383733093738556,1.6480408509572346,0.024919938296079636,0.059445250779390335,0.046391647309064865,0.12790071964263916,0.31345489621162415,0.21662457287311554,1.3252589702606201,2.822504997253418,0.796358585357666,68697.953125,17444.041015625,13620.0654296875,16.532655715942383,11119.70703125,1.1966526055304978,1.3976152298478777,0.365475621015525,919.2344227860548,519.0954883410129,0.37532088145100384,0.21194525728366131,0.0004453031290304914,0.0006879524596609392,1.5449082092882236,11.703444759189738,11.703444759189738,7.034955252009377,0.365475621015525
994,0.04679796968897184,0.131527379155159,1.185132622718811,0.039669930934906006,0.038843486458063126,0.06188049167394638,0.11497822403907776,0.10666016489267349,0.16467416286468506,2.441610336303711,0.40365904569625854,0.7101284861564636,26928.798828125,26420.919921875,15652.7001953125,18.722496032714844,11093.8564453125,0.5059773574799914,-1.5000721312752177,0.8747012036854133,1013.4327837819378,534.9697311073794,0.6062389439688172,0.3200207157612579,0.0003438801789583709,0.0007310203718906108,2.1257996727374797,4.991464084437464,2.6563439166232863,1.3978604945287672,0.8747012036854133
995,0.064628799756368,0.2309560775756836,1.1772674322128296,0.0693129375576973,0.05828779190778732,0.06628566980361938,0.2506808936595917,0.20998145639896393,0.23017598688602448,1.319136381149292,0.6511138677597046,1.5615520477294922,27736.837890625,25801.30859375,14011.4853515625,16.382007598876953,9278.0625,0.3662474773954914,-1.0131941801238074,0.9336777482624335,1019.1983893532115,526.9825212232759,0.53315475345913,0.2756708008127515,0.00046744244528907725,0.0007119983389176915,1.5231786203697766,4.948815849991192,1.3092002571909205,0.4984969765687361,0.9336777482624335
996,0.06260532016555469,0.1520415097475052,0.4990817407766978,0.059692442417144775,0.04246588423848152,0.08565763384103775,0.13258321583271027,0.10612927377223969,0.20258153975009918,0.40753206610679626,0.48175984621047974,0.6079533100128174,20960.66015625,30627.53125,2510.92578125,18.137205123901367,10954.2744140625,0.1091406003623462,-1.876073222658527,0.9940500743251149,990.7503039706637,607.6372795027828,0.374511402921745,0.22969166812476494,0.00038027044159403927,0.0006028556437266597,1.585333956537813,4.962391976788249,0.5635595726774001,0.31271655034966755,0.9940500743251149
997,0.1531476266682148,0.7517308592796326,1.6284747123718262,0.03570939972996712,0.04536820203065872,0.37836527824401855,0.11279135942459106,0.1343996673822403,1.3217127323150635,2.392428159713745,0.4097325801849365,2.083263397216797,22509.265625,27388.267578125,180.30455017089844,16.402067184448242,8648.4521484375,3.1308163906125723,-2.944957614389852,0.9999419366400238,1029.7801968173328,521.0317061107014,0.45728978504424705,0.23137216818208448,0.00042444888660358353,0.0005155837446235177,1.2147133869267281,4.984881732459564,0.05870630889572542,0.03912363119525604,0.9999419366400238
998,0.07410052418708801,0.1917581856250763,1.6602388819058735,0.07219275087118149,0.057732753455638885,0.09237606823444366,0.1944250911474228,0.14430031180381775,0.2280759960412979,0.3633047938346863,2.131556987762451,2.4858548641204834,30236.716796875,26137.154296875,6179.92724609375,23.09823226928711,12460.8388671875,2.9843373617171935,-0.9343292681575441,0.9876608462052446,897.8419736534723,546.3719736743149,0.275700634955624,0.16777462458232614,0.0003109066593378025,0.0006510051593790552,2.093892619622962,4.992169435583617,0.5397861935218864,0.2440671471479808,0.9876608462052446
999,0.19577346866329512,0.7579599022865295,1.3642070690790813,0.04063008353114128,0.04979298263788223,0.4968973398208618,0.11430113762617111,0.13738518953323364,1.1289819478988647,1.044714331626892,1.5607304573059082,1.4871764183044434,26735.359375,25633.669921875,2658.45654296875,18.068073272705078,9955.486328125,0.3344969034652588,-2.5388450247090777,0.9445755927377453,1037.6509820759907,529.1220489314933,0.6682652961986967,0.3407638106283513,0.0004449865853145228,0.0007501778237913722,1.6858436828182943,4.805766580019488,1.9259027898629413,1.3203642827973763,0.9445755927377453
